Time,From Peer,To Peer,Event Type
0,SEED-1,PEER-1,Unchoke
0,SEED-1,PEER-1,Unchoke
0,SEED-1,PEER-2,Unchoke
0,SEED-1,PEER-2,Unchoke
0,SEED-1,PEER-3,Unchoke
0,SEED-1,PEER-3,Unchoke
0,SEED-1,PEER-4,Choke
0,SEED-1,PEER-5,Choke
1,SEED-1,PEER-1,Unchoke
1,SEED-1,PEER-2,Unchoke
1,SEED-1,PEER-3,Unchoke
1,SEED-1,PEER-4,Choke
1,SEED-1,PEER-5,Choke
1,PEER-1,SEED-1,Choke
1,PEER-1,PEER-2,Choke
1,PEER-1,PEER-3,Choke
1,PEER-1,PEER-4,Choke
1,PEER-1,PEER-5,Choke
1,PEER-2,SEED-1,Choke
1,PEER-2,PEER-1,Choke
1,PEER-2,PEER-3,Choke
1,PEER-2,PEER-4,Choke
1,PEER-2,PEER-5,Choke
1,PEER-3,SEED-1,Choke
1,PEER-3,PEER-1,Choke
1,PEER-3,PEER-2,Choke
1,PEER-3,PEER-4,Choke
1,PEER-3,PEER-5,Choke
1,SEED-1,PEER-1,Unchoke
1,SEED-1,PEER-2,Unchoke
1,SEED-1,PEER-3,Unchoke
1,SEED-1,PEER-4,Choke
1,SEED-1,PEER-5,Choke
1,PEER-1,SEED-1,Choke
1,PEER-1,PEER-2,Choke
1,PEER-1,PEER-3,Choke
1,PEER-1,PEER-4,Choke
1,PEER-1,PEER-5,Choke
1,PEER-2,SEED-1,Choke
1,PEER-2,PEER-1,Choke
1,PEER-2,PEER-3,Choke
1,PEER-2,PEER-4,Choke
1,PEER-2,PEER-5,Choke
1,PEER-3,SEED-1,Choke
1,PEER-3,PEER-1,Choke
1,PEER-3,PEER-2,Choke
1,PEER-3,PEER-4,Choke
1,PEER-3,PEER-5,Choke
1,SEED-1,PEER-1,Unchoke
1,SEED-1,PEER-2,Unchoke
1,SEED-1,PEER-3,Unchoke
1,SEED-1,PEER-4,Choke
1,SEED-1,PEER-5,Choke
1,PEER-1,SEED-1,Choke
1,PEER-1,PEER-2,Choke
1,PEER-1,PEER-3,Choke
1,PEER-1,PEER-4,Choke
1,PEER-1,PEER-5,Choke
1,PEER-2,SEED-1,Choke
1,PEER-2,PEER-1,Choke
1,PEER-2,PEER-3,Choke
1,PEER-2,PEER-4,Choke
1,PEER-2,PEER-5,Choke
1,PEER-3,SEED-1,Choke
1,PEER-3,PEER-1,Choke
1,PEER-3,PEER-2,Choke
1,PEER-3,PEER-4,Choke
1,PEER-3,PEER-5,Choke
1,SEED-1,PEER-1,Unchoke
1,SEED-1,PEER-2,Unchoke
1,SEED-1,PEER-3,Unchoke
1,SEED-1,PEER-4,Choke
1,SEED-1,PEER-5,Choke
1,PEER-1,SEED-1,Choke
1,PEER-1,PEER-2,Choke
1,PEER-1,PEER-3,Choke
1,PEER-1,PEER-4,Choke
1,PEER-1,PEER-5,Choke
1,PEER-2,SEED-1,Choke
1,PEER-2,PEER-1,Choke
1,PEER-2,PEER-3,Choke
1,PEER-2,PEER-4,Choke
1,PEER-2,PEER-5,Choke
1,PEER-3,SEED-1,Choke
1,PEER-3,PEER-1,Choke
1,PEER-3,PEER-2,Choke
1,PEER-3,PEER-4,Choke
1,PEER-3,PEER-5,Choke
1,SEED-1,PEER-1,Unchoke
1,SEED-1,PEER-2,Unchoke
1,SEED-1,PEER-3,Unchoke
1,SEED-1,PEER-4,Choke
1,SEED-1,PEER-5,Choke
1,PEER-1,SEED-1,Choke
1,PEER-1,PEER-2,Choke
1,PEER-1,PEER-3,Choke
1,PEER-1,PEER-4,Choke
1,PEER-1,PEER-5,Choke
1,PEER-2,SEED-1,Choke
1,PEER-2,PEER-1,Choke
1,PEER-2,PEER-3,Choke
1,PEER-2,PEER-4,Choke
1,PEER-2,PEER-5,Choke
1,PEER-3,SEED-1,Choke
1,PEER-3,PEER-1,Choke
1,PEER-3,PEER-2,Choke
1,PEER-3,PEER-4,Choke
1,PEER-3,PEER-5,Choke
1,SEED-1,PEER-1,Unchoke
1,SEED-1,PEER-2,Unchoke
1,SEED-1,PEER-3,Unchoke
1,SEED-1,PEER-4,Choke
1,SEED-1,PEER-5,Choke
1,PEER-1,SEED-1,Choke
1,PEER-1,PEER-2,Choke
1,PEER-1,PEER-3,Choke
1,PEER-1,PEER-4,Choke
1,PEER-1,PEER-5,Choke
1,PEER-2,SEED-1,Choke
1,PEER-2,PEER-1,Choke
1,PEER-2,PEER-3,Choke
1,PEER-2,PEER-4,Choke
1,PEER-2,PEER-5,Choke
1,PEER-3,SEED-1,Choke
1,PEER-3,PEER-1,Choke
1,PEER-3,PEER-2,Choke
1,PEER-3,PEER-4,Choke
1,PEER-3,PEER-5,Choke
1,SEED-1,PEER-1,Unchoke
1,SEED-1,PEER-2,Unchoke
1,SEED-1,PEER-3,Unchoke
1,SEED-1,PEER-4,Choke
1,SEED-1,PEER-5,Choke
1,PEER-1,SEED-1,Choke
1,PEER-1,PEER-2,Choke
1,PEER-1,PEER-3,Choke
1,PEER-1,PEER-4,Choke
1,PEER-1,PEER-5,Choke
1,PEER-2,SEED-1,Choke
1,PEER-2,PEER-1,Choke
1,PEER-2,PEER-3,Choke
1,PEER-2,PEER-4,Choke
1,PEER-2,PEER-5,Choke
1,PEER-3,SEED-1,Choke
1,PEER-3,PEER-1,Choke
1,PEER-3,PEER-2,Choke
1,PEER-3,PEER-4,Choke
1,PEER-3,PEER-5,Choke
1,SEED-1,PEER-1,Unchoke
1,SEED-1,PEER-2,Unchoke
1,SEED-1,PEER-3,Unchoke
1,SEED-1,PEER-4,Choke
1,SEED-1,PEER-5,Choke
1,PEER-1,SEED-1,Choke
1,PEER-1,PEER-2,Choke
1,PEER-1,PEER-3,Choke
1,PEER-1,PEER-4,Choke
1,PEER-1,PEER-5,Choke
1,PEER-2,SEED-1,Choke
1,PEER-2,PEER-1,Choke
1,PEER-2,PEER-3,Choke
1,PEER-2,PEER-4,Choke
1,PEER-2,PEER-5,Choke
1,PEER-3,SEED-1,Choke
1,PEER-3,PEER-1,Choke
1,PEER-3,PEER-2,Choke
1,PEER-3,PEER-4,Choke
1,PEER-3,PEER-5,Choke
1,SEED-1,PEER-1,Unchoke
1,SEED-1,PEER-2,Unchoke
1,SEED-1,PEER-3,Unchoke
1,SEED-1,PEER-4,Choke
1,SEED-1,PEER-5,Choke
1,PEER-1,SEED-1,Choke
1,PEER-1,PEER-2,Choke
1,PEER-1,PEER-3,Choke
1,PEER-1,PEER-4,Choke
1,PEER-1,PEER-5,Choke
1,PEER-2,SEED-1,Choke
1,PEER-2,PEER-1,Choke
1,PEER-2,PEER-3,Choke
1,PEER-2,PEER-4,Choke
1,PEER-2,PEER-5,Choke
1,PEER-3,SEED-1,Choke
1,PEER-3,PEER-1,Choke
1,PEER-3,PEER-2,Choke
1,PEER-3,PEER-4,Choke
1,PEER-3,PEER-5,Choke
10,SEED-1,PEER-1,Unchoke
10,SEED-1,PEER-2,Unchoke
10,SEED-1,PEER-3,Unchoke
10,SEED-1,PEER-4,Choke
10,SEED-1,PEER-5,Choke
10,PEER-1,SEED-1,Choke
10,PEER-1,PEER-2,Choke
10,PEER-1,PEER-3,Choke
10,PEER-1,PEER-4,Choke
10,PEER-1,PEER-5,Choke
10,PEER-2,SEED-1,Choke
10,PEER-2,PEER-1,Choke
10,PEER-2,PEER-3,Choke
10,PEER-2,PEER-4,Choke
10,PEER-2,PEER-5,Choke
10,PEER-3,SEED-1,Choke
10,PEER-3,PEER-1,Choke
10,PEER-3,PEER-2,Choke
10,PEER-3,PEER-4,Choke
10,PEER-3,PEER-5,Choke
10,SEED-1,PEER-1,Unchoke
10,SEED-1,PEER-2,Unchoke
10,SEED-1,PEER-3,Unchoke
10,SEED-1,PEER-4,Choke
10,SEED-1,PEER-5,Choke
10,PEER-1,SEED-1,Choke
10,PEER-1,PEER-2,Choke
10,PEER-1,PEER-3,Choke
10,PEER-1,PEER-4,Choke
10,PEER-1,PEER-5,Choke
10,PEER-2,SEED-1,Choke
10,PEER-2,PEER-1,Choke
10,PEER-2,PEER-3,Choke
10,PEER-2,PEER-4,Choke
10,PEER-2,PEER-5,Choke
10,PEER-3,SEED-1,Choke
10,PEER-3,PEER-1,Choke
10,PEER-3,PEER-2,Choke
10,PEER-3,PEER-4,Choke
10,PEER-3,PEER-5,Choke
10,SEED-1,PEER-1,Unchoke
10,SEED-1,PEER-2,Unchoke
10,SEED-1,PEER-3,Unchoke
10,SEED-1,PEER-4,Choke
10,SEED-1,PEER-5,Choke
10,PEER-1,SEED-1,Choke
10,PEER-1,PEER-2,Choke
10,PEER-1,PEER-3,Choke
10,PEER-1,PEER-4,Choke
10,PEER-1,PEER-5,Choke
10,PEER-2,SEED-1,Choke
10,PEER-2,PEER-1,Choke
10,PEER-2,PEER-3,Choke
10,PEER-2,PEER-4,Choke
10,PEER-2,PEER-5,Choke
10,PEER-3,SEED-1,Choke
10,PEER-3,PEER-1,Choke
10,PEER-3,PEER-2,Choke
10,PEER-3,PEER-4,Choke
10,PEER-3,PEER-5,Choke
10,SEED-1,PEER-1,Unchoke
10,SEED-1,PEER-2,Unchoke
10,SEED-1,PEER-3,Unchoke
10,SEED-1,PEER-4,Choke
10,SEED-1,PEER-5,Choke
10,PEER-1,SEED-1,Choke
10,PEER-1,PEER-2,Choke
10,PEER-1,PEER-3,Choke
10,PEER-1,PEER-4,Choke
10,PEER-1,PEER-5,Choke
10,PEER-2,SEED-1,Choke
10,PEER-2,PEER-1,Choke
10,PEER-2,PEER-3,Choke
10,PEER-2,PEER-4,Choke
10,PEER-2,PEER-5,Choke
10,PEER-3,SEED-1,Choke
10,PEER-3,PEER-1,Choke
10,PEER-3,PEER-2,Choke
10,PEER-3,PEER-4,Choke
10,PEER-3,PEER-5,Choke
10,SEED-1,PEER-1,Unchoke
10,SEED-1,PEER-2,Unchoke
10,SEED-1,PEER-3,Unchoke
10,SEED-1,PEER-4,Choke
10,SEED-1,PEER-5,Choke
10,PEER-1,SEED-1,Choke
10,PEER-1,PEER-2,Choke
10,PEER-1,PEER-3,Choke
10,PEER-1,PEER-4,Choke
10,PEER-1,PEER-5,Choke
10,PEER-2,SEED-1,Choke
10,PEER-2,PEER-1,Choke
10,PEER-2,PEER-3,Choke
10,PEER-2,PEER-4,Choke
10,PEER-2,PEER-5,Choke
10,PEER-3,SEED-1,Choke
10,PEER-3,PEER-1,Choke
10,PEER-3,PEER-2,Choke
10,PEER-3,PEER-4,Choke
10,PEER-3,PEER-5,Choke
10,SEED-1,PEER-1,Unchoke
10,SEED-1,PEER-2,Unchoke
10,SEED-1,PEER-3,Unchoke
10,SEED-1,PEER-4,Choke
10,SEED-1,PEER-5,Choke
10,PEER-1,SEED-1,Choke
10,PEER-1,PEER-2,Choke
10,PEER-1,PEER-3,Choke
10,PEER-1,PEER-4,Choke
10,PEER-1,PEER-5,Choke
10,PEER-2,SEED-1,Choke
10,PEER-2,PEER-1,Choke
10,PEER-2,PEER-3,Choke
10,PEER-2,PEER-4,Choke
10,PEER-2,PEER-5,Choke
10,PEER-3,SEED-1,Choke
10,PEER-3,PEER-1,Choke
10,PEER-3,PEER-2,Choke
10,PEER-3,PEER-4,Choke
10,PEER-3,PEER-5,Choke
10,SEED-1,PEER-1,Unchoke
10,SEED-1,PEER-2,Unchoke
10,SEED-1,PEER-3,Unchoke
10,SEED-1,PEER-4,Choke
10,SEED-1,PEER-5,Choke
10,PEER-1,SEED-1,Choke
10,PEER-1,PEER-2,Choke
10,PEER-1,PEER-3,Choke
10,PEER-1,PEER-4,Choke
10,PEER-1,PEER-5,Choke
10,PEER-2,SEED-1,Choke
10,PEER-2,PEER-1,Choke
10,PEER-2,PEER-3,Choke
10,PEER-2,PEER-4,Choke
10,PEER-2,PEER-5,Choke
10,PEER-3,SEED-1,Choke
10,PEER-3,PEER-1,Choke
10,PEER-3,PEER-2,Choke
10,PEER-3,PEER-4,Choke
10,PEER-3,PEER-5,Choke
10,SEED-1,PEER-1,Unchoke
10,SEED-1,PEER-2,Unchoke
10,SEED-1,PEER-3,Unchoke
10,SEED-1,PEER-4,Choke
10,SEED-1,PEER-5,Choke
10,PEER-1,SEED-1,Choke
10,PEER-1,PEER-2,Choke
10,PEER-1,PEER-3,Choke
10,PEER-1,PEER-4,Choke
10,PEER-1,PEER-5,Choke
10,PEER-2,SEED-1,Choke
10,PEER-2,PEER-1,Choke
10,PEER-2,PEER-3,Choke
10,PEER-2,PEER-4,Choke
10,PEER-2,PEER-5,Choke
10,PEER-3,SEED-1,Choke
10,PEER-3,PEER-1,Choke
10,PEER-3,PEER-2,Choke
10,PEER-3,PEER-4,Choke
10,PEER-3,PEER-5,Choke
10,SEED-1,PEER-1,Unchoke
10,SEED-1,PEER-2,Unchoke
10,SEED-1,PEER-3,Unchoke
10,SEED-1,PEER-4,Choke
10,SEED-1,PEER-5,Choke
10,PEER-1,SEED-1,Choke
10,PEER-1,PEER-2,Choke
10,PEER-1,PEER-3,Choke
10,PEER-1,PEER-4,Choke
10,PEER-1,PEER-5,Choke
10,PEER-2,SEED-1,Choke
10,PEER-2,PEER-1,Choke
10,PEER-2,PEER-3,Choke
10,PEER-2,PEER-4,Choke
10,PEER-2,PEER-5,Choke
10,PEER-3,SEED-1,Choke
10,PEER-3,PEER-1,Choke
10,PEER-3,PEER-2,Choke
10,PEER-3,PEER-4,Choke
10,PEER-3,PEER-5,Choke
10,SEED-1,PEER-1,Unchoke
10,SEED-1,PEER-2,Unchoke
10,SEED-1,PEER-3,Unchoke
10,SEED-1,PEER-4,Choke
10,SEED-1,PEER-5,Choke
10,PEER-1,SEED-1,Choke
10,PEER-1,PEER-2,Choke
10,PEER-1,PEER-3,Choke
10,PEER-1,PEER-4,Choke
10,PEER-1,PEER-5,Choke
10,PEER-2,SEED-1,Choke
10,PEER-2,PEER-1,Choke
10,PEER-2,PEER-3,Choke
10,PEER-2,PEER-4,Choke
10,PEER-2,PEER-5,Choke
10,PEER-3,SEED-1,Choke
10,PEER-3,PEER-1,Choke
10,PEER-3,PEER-2,Choke
10,PEER-3,PEER-4,Choke
10,PEER-3,PEER-5,Choke
20,SEED-1,PEER-1,Unchoke
20,SEED-1,PEER-2,Unchoke
20,SEED-1,PEER-3,Unchoke
20,SEED-1,PEER-4,Choke
20,SEED-1,PEER-5,Choke
20,PEER-1,SEED-1,Choke
20,PEER-1,PEER-2,Choke
20,PEER-1,PEER-3,Choke
20,PEER-1,PEER-4,Choke
20,PEER-1,PEER-5,Choke
20,PEER-2,SEED-1,Choke
20,PEER-2,PEER-1,Choke
20,PEER-2,PEER-3,Choke
20,PEER-2,PEER-4,Choke
20,PEER-2,PEER-5,Choke
20,PEER-3,SEED-1,Choke
20,PEER-3,PEER-1,Choke
20,PEER-3,PEER-2,Choke
20,PEER-3,PEER-4,Choke
20,PEER-3,PEER-5,Choke
20,SEED-1,PEER-1,Unchoke
20,SEED-1,PEER-2,Unchoke
20,SEED-1,PEER-3,Unchoke
20,SEED-1,PEER-4,Choke
20,SEED-1,PEER-5,Choke
20,PEER-1,SEED-1,Choke
20,PEER-1,PEER-2,Choke
20,PEER-1,PEER-3,Choke
20,PEER-1,PEER-4,Choke
20,PEER-1,PEER-5,Choke
20,PEER-2,SEED-1,Choke
20,PEER-2,PEER-1,Choke
20,PEER-2,PEER-3,Choke
20,PEER-2,PEER-4,Choke
20,PEER-2,PEER-5,Choke
20,PEER-3,SEED-1,Choke
20,PEER-3,PEER-1,Choke
20,PEER-3,PEER-2,Choke
20,PEER-3,PEER-4,Choke
20,PEER-3,PEER-5,Choke
20,SEED-1,PEER-1,Unchoke
20,SEED-1,PEER-2,Unchoke
20,SEED-1,PEER-3,Unchoke
20,SEED-1,PEER-4,Choke
20,SEED-1,PEER-5,Choke
20,PEER-1,SEED-1,Choke
20,PEER-1,PEER-2,Choke
20,PEER-1,PEER-3,Choke
20,PEER-1,PEER-4,Choke
20,PEER-1,PEER-5,Choke
20,PEER-2,SEED-1,Choke
20,PEER-2,PEER-1,Choke
20,PEER-2,PEER-3,Choke
20,PEER-2,PEER-4,Choke
20,PEER-2,PEER-5,Choke
20,PEER-3,SEED-1,Choke
20,PEER-3,PEER-1,Choke
20,PEER-3,PEER-2,Choke
20,PEER-3,PEER-4,Choke
20,PEER-3,PEER-5,Choke
20,SEED-1,PEER-1,Unchoke
20,SEED-1,PEER-2,Unchoke
20,SEED-1,PEER-3,Unchoke
20,SEED-1,PEER-4,Choke
20,SEED-1,PEER-5,Choke
20,PEER-1,SEED-1,Choke
20,PEER-1,PEER-2,Choke
20,PEER-1,PEER-3,Choke
20,PEER-1,PEER-4,Choke
20,PEER-1,PEER-5,Choke
20,PEER-2,SEED-1,Choke
20,PEER-2,PEER-1,Choke
20,PEER-2,PEER-3,Choke
20,PEER-2,PEER-4,Choke
20,PEER-2,PEER-5,Choke
20,PEER-3,SEED-1,Choke
20,PEER-3,PEER-1,Choke
20,PEER-3,PEER-2,Choke
20,PEER-3,PEER-4,Choke
20,PEER-3,PEER-5,Choke
20,SEED-1,PEER-1,Unchoke
20,SEED-1,PEER-2,Unchoke
20,SEED-1,PEER-3,Unchoke
20,SEED-1,PEER-4,Choke
20,SEED-1,PEER-5,Choke
20,PEER-1,SEED-1,Choke
20,PEER-1,PEER-2,Choke
20,PEER-1,PEER-3,Choke
20,PEER-1,PEER-4,Choke
20,PEER-1,PEER-5,Choke
20,PEER-2,SEED-1,Choke
20,PEER-2,PEER-1,Choke
20,PEER-2,PEER-3,Choke
20,PEER-2,PEER-4,Choke
20,PEER-2,PEER-5,Choke
20,PEER-3,SEED-1,Choke
20,PEER-3,PEER-1,Choke
20,PEER-3,PEER-2,Choke
20,PEER-3,PEER-4,Choke
20,PEER-3,PEER-5,Choke
20,SEED-1,PEER-1,Unchoke
20,SEED-1,PEER-2,Unchoke
20,SEED-1,PEER-3,Unchoke
20,SEED-1,PEER-4,Choke
20,SEED-1,PEER-5,Choke
20,PEER-1,SEED-1,Choke
20,PEER-1,PEER-2,Choke
20,PEER-1,PEER-3,Choke
20,PEER-1,PEER-4,Choke
20,PEER-1,PEER-5,Choke
20,PEER-2,SEED-1,Choke
20,PEER-2,PEER-1,Choke
20,PEER-2,PEER-3,Choke
20,PEER-2,PEER-4,Choke
20,PEER-2,PEER-5,Choke
20,PEER-3,SEED-1,Choke
20,PEER-3,PEER-1,Choke
20,PEER-3,PEER-2,Choke
20,PEER-3,PEER-4,Choke
20,PEER-3,PEER-5,Choke
20,SEED-1,PEER-1,Unchoke
20,SEED-1,PEER-2,Unchoke
20,SEED-1,PEER-3,Unchoke
20,SEED-1,PEER-4,Choke
20,SEED-1,PEER-5,Choke
20,PEER-1,SEED-1,Choke
20,PEER-1,PEER-2,Choke
20,PEER-1,PEER-3,Choke
20,PEER-1,PEER-4,Choke
20,PEER-1,PEER-5,Choke
20,PEER-2,SEED-1,Choke
20,PEER-2,PEER-1,Choke
20,PEER-2,PEER-3,Choke
20,PEER-2,PEER-4,Choke
20,PEER-2,PEER-5,Choke
20,PEER-3,SEED-1,Choke
20,PEER-3,PEER-1,Choke
20,PEER-3,PEER-2,Choke
20,PEER-3,PEER-4,Choke
20,PEER-3,PEER-5,Choke
20,SEED-1,PEER-1,Unchoke
20,SEED-1,PEER-2,Unchoke
20,SEED-1,PEER-3,Unchoke
20,SEED-1,PEER-4,Choke
20,SEED-1,PEER-5,Choke
20,PEER-1,SEED-1,Choke
20,PEER-1,PEER-2,Choke
20,PEER-1,PEER-3,Choke
20,PEER-1,PEER-4,Choke
20,PEER-1,PEER-5,Choke
20,PEER-2,SEED-1,Choke
20,PEER-2,PEER-1,Choke
20,PEER-2,PEER-3,Choke
20,PEER-2,PEER-4,Choke
20,PEER-2,PEER-5,Choke
20,PEER-3,SEED-1,Choke
20,PEER-3,PEER-1,Choke
20,PEER-3,PEER-2,Choke
20,PEER-3,PEER-4,Choke
20,PEER-3,PEER-5,Choke
20,SEED-1,PEER-1,Unchoke
20,SEED-1,PEER-2,Unchoke
20,SEED-1,PEER-3,Unchoke
20,SEED-1,PEER-4,Choke
20,SEED-1,PEER-5,Choke
20,PEER-1,SEED-1,Choke
20,PEER-1,PEER-2,Choke
20,PEER-1,PEER-3,Choke
20,PEER-1,PEER-4,Choke
20,PEER-1,PEER-5,Choke
20,PEER-2,SEED-1,Choke
20,PEER-2,PEER-1,Choke
20,PEER-2,PEER-3,Choke
20,PEER-2,PEER-4,Choke
20,PEER-2,PEER-5,Choke
20,PEER-3,SEED-1,Choke
20,PEER-3,PEER-1,Choke
20,PEER-3,PEER-2,Choke
20,PEER-3,PEER-4,Choke
20,PEER-3,PEER-5,Choke
20,SEED-1,PEER-1,Unchoke
20,SEED-1,PEER-2,Unchoke
20,SEED-1,PEER-3,Unchoke
20,SEED-1,PEER-4,Choke
20,SEED-1,PEER-5,Unchoke
20,SEED-1,PEER-5,Unchoke
20,PEER-1,SEED-1,Choke
20,PEER-1,PEER-2,Choke
20,PEER-1,PEER-3,Choke
20,PEER-1,PEER-4,Choke
20,PEER-1,PEER-5,Choke
20,PEER-2,SEED-1,Choke
20,PEER-2,PEER-1,Choke
20,PEER-2,PEER-3,Choke
20,PEER-2,PEER-4,Choke
20,PEER-2,PEER-5,Choke
20,PEER-3,SEED-1,Choke
20,PEER-3,PEER-1,Choke
20,PEER-3,PEER-2,Choke
20,PEER-3,PEER-4,Choke
20,PEER-3,PEER-5,Choke
30,SEED-1,PEER-1,Unchoke
30,SEED-1,PEER-2,Unchoke
30,SEED-1,PEER-3,Unchoke
30,SEED-1,PEER-4,Choke
30,SEED-1,PEER-5,Choke
30,SEED-1,PEER-5,Choke
30,PEER-1,SEED-1,Choke
30,PEER-1,PEER-2,Choke
30,PEER-1,PEER-3,Choke
30,PEER-1,PEER-4,Choke
30,PEER-1,PEER-5,Choke
30,PEER-2,SEED-1,Choke
30,PEER-2,PEER-1,Choke
30,PEER-2,PEER-3,Choke
30,PEER-2,PEER-4,Choke
30,PEER-2,PEER-5,Choke
30,PEER-3,SEED-1,Choke
30,PEER-3,PEER-1,Choke
30,PEER-3,PEER-2,Choke
30,PEER-3,PEER-4,Choke
30,PEER-3,PEER-5,Choke
30,PEER-5,SEED-1,Choke
30,PEER-5,PEER-1,Choke
30,PEER-5,PEER-2,Choke
30,PEER-5,PEER-3,Choke
30,PEER-5,PEER-4,Choke
30,SEED-1,PEER-1,Unchoke
30,SEED-1,PEER-2,Unchoke
30,SEED-1,PEER-3,Unchoke
30,SEED-1,PEER-4,Choke
30,SEED-1,PEER-5,Choke
30,PEER-1,SEED-1,Choke
30,PEER-1,PEER-2,Choke
30,PEER-1,PEER-3,Choke
30,PEER-1,PEER-4,Choke
30,PEER-1,PEER-5,Choke
30,PEER-2,SEED-1,Choke
30,PEER-2,PEER-1,Choke
30,PEER-2,PEER-3,Choke
30,PEER-2,PEER-4,Choke
30,PEER-2,PEER-5,Choke
30,PEER-3,SEED-1,Choke
30,PEER-3,PEER-1,Choke
30,PEER-3,PEER-2,Choke
30,PEER-3,PEER-4,Choke
30,PEER-3,PEER-5,Choke
30,PEER-5,SEED-1,Choke
30,PEER-5,PEER-1,Choke
30,PEER-5,PEER-2,Choke
30,PEER-5,PEER-3,Choke
30,PEER-5,PEER-4,Choke
30,SEED-1,PEER-1,Unchoke
30,SEED-1,PEER-2,Unchoke
30,SEED-1,PEER-3,Unchoke
30,SEED-1,PEER-4,Choke
30,SEED-1,PEER-5,Choke
30,PEER-1,SEED-1,Choke
30,PEER-1,PEER-2,Choke
30,PEER-1,PEER-3,Choke
30,PEER-1,PEER-4,Choke
30,PEER-1,PEER-5,Choke
30,PEER-2,SEED-1,Choke
30,PEER-2,PEER-1,Choke
30,PEER-2,PEER-3,Choke
30,PEER-2,PEER-4,Choke
30,PEER-2,PEER-5,Choke
30,PEER-3,SEED-1,Choke
30,PEER-3,PEER-1,Choke
30,PEER-3,PEER-2,Choke
30,PEER-3,PEER-4,Choke
30,PEER-3,PEER-5,Choke
30,PEER-5,SEED-1,Choke
30,PEER-5,PEER-1,Choke
30,PEER-5,PEER-2,Choke
30,PEER-5,PEER-3,Choke
30,PEER-5,PEER-4,Choke
30,SEED-1,PEER-1,Unchoke
30,SEED-1,PEER-2,Unchoke
30,SEED-1,PEER-3,Unchoke
30,SEED-1,PEER-4,Choke
30,SEED-1,PEER-5,Choke
30,PEER-1,SEED-1,Choke
30,PEER-1,PEER-2,Choke
30,PEER-1,PEER-3,Choke
30,PEER-1,PEER-4,Choke
30,PEER-1,PEER-5,Choke
30,PEER-2,SEED-1,Choke
30,PEER-2,PEER-1,Choke
30,PEER-2,PEER-3,Choke
30,PEER-2,PEER-4,Choke
30,PEER-2,PEER-5,Choke
30,PEER-3,SEED-1,Choke
30,PEER-3,PEER-1,Choke
30,PEER-3,PEER-2,Choke
30,PEER-3,PEER-4,Choke
30,PEER-3,PEER-5,Choke
30,PEER-5,SEED-1,Choke
30,PEER-5,PEER-1,Choke
30,PEER-5,PEER-2,Choke
30,PEER-5,PEER-3,Choke
30,PEER-5,PEER-4,Choke
30,SEED-1,PEER-1,Unchoke
30,SEED-1,PEER-2,Unchoke
30,SEED-1,PEER-3,Unchoke
30,SEED-1,PEER-4,Choke
30,SEED-1,PEER-5,Choke
30,PEER-1,SEED-1,Choke
30,PEER-1,PEER-2,Choke
30,PEER-1,PEER-3,Choke
30,PEER-1,PEER-4,Choke
30,PEER-1,PEER-5,Choke
30,PEER-2,SEED-1,Choke
30,PEER-2,PEER-1,Choke
30,PEER-2,PEER-3,Choke
30,PEER-2,PEER-4,Choke
30,PEER-2,PEER-5,Choke
30,PEER-3,SEED-1,Choke
30,PEER-3,PEER-1,Choke
30,PEER-3,PEER-2,Choke
30,PEER-3,PEER-4,Choke
30,PEER-3,PEER-5,Choke
30,PEER-5,SEED-1,Choke
30,PEER-5,PEER-1,Choke
30,PEER-5,PEER-2,Choke
30,PEER-5,PEER-3,Choke
30,PEER-5,PEER-4,Choke
30,SEED-1,PEER-1,Unchoke
30,SEED-1,PEER-2,Unchoke
30,SEED-1,PEER-3,Unchoke
30,SEED-1,PEER-4,Choke
30,SEED-1,PEER-5,Choke
30,PEER-1,SEED-1,Choke
30,PEER-1,PEER-2,Choke
30,PEER-1,PEER-3,Choke
30,PEER-1,PEER-4,Choke
30,PEER-1,PEER-5,Choke
30,PEER-2,SEED-1,Choke
30,PEER-2,PEER-1,Choke
30,PEER-2,PEER-3,Choke
30,PEER-2,PEER-4,Choke
30,PEER-2,PEER-5,Choke
30,PEER-3,SEED-1,Choke
30,PEER-3,PEER-1,Choke
30,PEER-3,PEER-2,Choke
30,PEER-3,PEER-4,Choke
30,PEER-3,PEER-5,Choke
30,PEER-5,SEED-1,Choke
30,PEER-5,PEER-1,Choke
30,PEER-5,PEER-2,Choke
30,PEER-5,PEER-3,Choke
30,PEER-5,PEER-4,Choke
30,SEED-1,PEER-1,Unchoke
30,SEED-1,PEER-2,Unchoke
30,SEED-1,PEER-3,Unchoke
30,SEED-1,PEER-4,Choke
30,SEED-1,PEER-5,Choke
30,PEER-1,SEED-1,Choke
30,PEER-1,PEER-2,Choke
30,PEER-1,PEER-3,Choke
30,PEER-1,PEER-4,Choke
30,PEER-1,PEER-5,Choke
30,PEER-2,SEED-1,Choke
30,PEER-2,PEER-1,Choke
30,PEER-2,PEER-3,Choke
30,PEER-2,PEER-4,Choke
30,PEER-2,PEER-5,Choke
30,PEER-3,SEED-1,Choke
30,PEER-3,PEER-1,Choke
30,PEER-3,PEER-2,Choke
30,PEER-3,PEER-4,Choke
30,PEER-3,PEER-5,Choke
30,PEER-5,SEED-1,Choke
30,PEER-5,PEER-1,Choke
30,PEER-5,PEER-2,Choke
30,PEER-5,PEER-3,Choke
30,PEER-5,PEER-4,Choke
30,SEED-1,PEER-1,Unchoke
30,SEED-1,PEER-2,Unchoke
30,SEED-1,PEER-3,Unchoke
30,SEED-1,PEER-4,Choke
30,SEED-1,PEER-5,Choke
30,PEER-1,SEED-1,Choke
30,PEER-1,PEER-2,Choke
30,PEER-1,PEER-3,Choke
30,PEER-1,PEER-4,Choke
30,PEER-1,PEER-5,Choke
30,PEER-2,SEED-1,Choke
30,PEER-2,PEER-1,Choke
30,PEER-2,PEER-3,Choke
30,PEER-2,PEER-4,Choke
30,PEER-2,PEER-5,Choke
30,PEER-3,SEED-1,Choke
30,PEER-3,PEER-1,Choke
30,PEER-3,PEER-2,Choke
30,PEER-3,PEER-4,Choke
30,PEER-3,PEER-5,Choke
30,PEER-5,SEED-1,Choke
30,PEER-5,PEER-1,Choke
30,PEER-5,PEER-2,Choke
30,PEER-5,PEER-3,Choke
30,PEER-5,PEER-4,Choke
30,SEED-1,PEER-1,Unchoke
30,SEED-1,PEER-2,Unchoke
30,SEED-1,PEER-3,Unchoke
30,SEED-1,PEER-4,Choke
30,SEED-1,PEER-5,Choke
30,PEER-1,SEED-1,Choke
30,PEER-1,PEER-2,Choke
30,PEER-1,PEER-3,Choke
30,PEER-1,PEER-4,Choke
30,PEER-1,PEER-5,Choke
30,PEER-2,SEED-1,Choke
30,PEER-2,PEER-1,Choke
30,PEER-2,PEER-3,Choke
30,PEER-2,PEER-4,Choke
30,PEER-2,PEER-5,Choke
30,PEER-3,SEED-1,Choke
30,PEER-3,PEER-1,Choke
30,PEER-3,PEER-2,Choke
30,PEER-3,PEER-4,Choke
30,PEER-3,PEER-5,Choke
30,PEER-5,SEED-1,Choke
30,PEER-5,PEER-1,Choke
30,PEER-5,PEER-2,Choke
30,PEER-5,PEER-3,Choke
30,PEER-5,PEER-4,Choke
30,SEED-1,PEER-1,Unchoke
30,SEED-1,PEER-2,Unchoke
30,SEED-1,PEER-3,Unchoke
30,SEED-1,PEER-4,Choke
30,SEED-1,PEER-5,Choke
30,PEER-1,SEED-1,Choke
30,PEER-1,PEER-2,Choke
30,PEER-1,PEER-3,Choke
30,PEER-1,PEER-4,Choke
30,PEER-1,PEER-5,Choke
30,PEER-2,SEED-1,Choke
30,PEER-2,PEER-1,Choke
30,PEER-2,PEER-3,Choke
30,PEER-2,PEER-4,Choke
30,PEER-2,PEER-5,Choke
30,PEER-3,SEED-1,Choke
30,PEER-3,PEER-1,Choke
30,PEER-3,PEER-2,Choke
30,PEER-3,PEER-4,Choke
30,PEER-3,PEER-5,Choke
30,PEER-5,SEED-1,Choke
30,PEER-5,PEER-1,Choke
30,PEER-5,PEER-2,Choke
30,PEER-5,PEER-3,Choke
30,PEER-5,PEER-4,Choke
40,SEED-1,PEER-1,Unchoke
40,SEED-1,PEER-2,Unchoke
40,SEED-1,PEER-3,Unchoke
40,SEED-1,PEER-4,Choke
40,SEED-1,PEER-5,Choke
40,PEER-1,SEED-1,Choke
40,PEER-1,PEER-2,Choke
40,PEER-1,PEER-3,Choke
40,PEER-1,PEER-4,Choke
40,PEER-1,PEER-5,Choke
40,PEER-2,SEED-1,Choke
40,PEER-2,PEER-1,Choke
40,PEER-2,PEER-3,Choke
40,PEER-2,PEER-4,Choke
40,PEER-2,PEER-5,Choke
40,PEER-3,SEED-1,Choke
40,PEER-3,PEER-1,Choke
40,PEER-3,PEER-2,Choke
40,PEER-3,PEER-4,Choke
40,PEER-3,PEER-5,Choke
40,PEER-5,SEED-1,Choke
40,PEER-5,PEER-1,Choke
40,PEER-5,PEER-2,Choke
40,PEER-5,PEER-3,Choke
40,PEER-5,PEER-4,Choke
40,SEED-1,PEER-1,Unchoke
40,SEED-1,PEER-2,Unchoke
40,SEED-1,PEER-3,Unchoke
40,SEED-1,PEER-4,Choke
40,SEED-1,PEER-5,Choke
40,PEER-1,SEED-1,Choke
40,PEER-1,PEER-2,Choke
40,PEER-1,PEER-3,Choke
40,PEER-1,PEER-4,Choke
40,PEER-1,PEER-5,Choke
40,PEER-2,SEED-1,Choke
40,PEER-2,PEER-1,Choke
40,PEER-2,PEER-3,Choke
40,PEER-2,PEER-4,Choke
40,PEER-2,PEER-5,Choke
40,PEER-3,SEED-1,Choke
40,PEER-3,PEER-1,Choke
40,PEER-3,PEER-2,Choke
40,PEER-3,PEER-4,Choke
40,PEER-3,PEER-5,Choke
40,PEER-5,SEED-1,Choke
40,PEER-5,PEER-1,Choke
40,PEER-5,PEER-2,Choke
40,PEER-5,PEER-3,Choke
40,PEER-5,PEER-4,Choke
40,SEED-1,PEER-1,Unchoke
40,SEED-1,PEER-2,Unchoke
40,SEED-1,PEER-3,Unchoke
40,SEED-1,PEER-4,Choke
40,SEED-1,PEER-5,Choke
40,PEER-1,SEED-1,Choke
40,PEER-1,PEER-2,Choke
40,PEER-1,PEER-3,Choke
40,PEER-1,PEER-4,Choke
40,PEER-1,PEER-5,Choke
40,PEER-2,SEED-1,Choke
40,PEER-2,PEER-1,Choke
40,PEER-2,PEER-3,Choke
40,PEER-2,PEER-4,Choke
40,PEER-2,PEER-5,Choke
40,PEER-3,SEED-1,Choke
40,PEER-3,PEER-1,Choke
40,PEER-3,PEER-2,Choke
40,PEER-3,PEER-4,Choke
40,PEER-3,PEER-5,Choke
40,PEER-5,SEED-1,Choke
40,PEER-5,PEER-1,Choke
40,PEER-5,PEER-2,Choke
40,PEER-5,PEER-3,Choke
40,PEER-5,PEER-4,Choke
40,SEED-1,PEER-1,Unchoke
40,SEED-1,PEER-2,Unchoke
40,SEED-1,PEER-3,Unchoke
40,SEED-1,PEER-4,Choke
40,SEED-1,PEER-5,Choke
40,PEER-1,SEED-1,Choke
40,PEER-1,PEER-2,Choke
40,PEER-1,PEER-3,Choke
40,PEER-1,PEER-4,Choke
40,PEER-1,PEER-5,Choke
40,PEER-2,SEED-1,Choke
40,PEER-2,PEER-1,Choke
40,PEER-2,PEER-3,Choke
40,PEER-2,PEER-4,Choke
40,PEER-2,PEER-5,Choke
40,PEER-3,SEED-1,Choke
40,PEER-3,PEER-1,Choke
40,PEER-3,PEER-2,Choke
40,PEER-3,PEER-4,Choke
40,PEER-3,PEER-5,Choke
40,PEER-5,SEED-1,Choke
40,PEER-5,PEER-1,Choke
40,PEER-5,PEER-2,Choke
40,PEER-5,PEER-3,Choke
40,PEER-5,PEER-4,Choke
40,SEED-1,PEER-1,Unchoke
40,SEED-1,PEER-2,Unchoke
40,SEED-1,PEER-3,Unchoke
40,SEED-1,PEER-4,Choke
40,SEED-1,PEER-5,Choke
40,PEER-1,SEED-1,Choke
40,PEER-1,PEER-2,Choke
40,PEER-1,PEER-3,Choke
40,PEER-1,PEER-4,Choke
40,PEER-1,PEER-5,Choke
40,PEER-2,SEED-1,Choke
40,PEER-2,PEER-1,Choke
40,PEER-2,PEER-3,Choke
40,PEER-2,PEER-4,Choke
40,PEER-2,PEER-5,Choke
40,PEER-3,SEED-1,Choke
40,PEER-3,PEER-1,Choke
40,PEER-3,PEER-2,Choke
40,PEER-3,PEER-4,Choke
40,PEER-3,PEER-5,Choke
40,PEER-5,SEED-1,Choke
40,PEER-5,PEER-1,Choke
40,PEER-5,PEER-2,Choke
40,PEER-5,PEER-3,Choke
40,PEER-5,PEER-4,Choke
40,SEED-1,PEER-1,Unchoke
40,SEED-1,PEER-2,Unchoke
40,SEED-1,PEER-3,Unchoke
40,SEED-1,PEER-4,Choke
40,SEED-1,PEER-5,Choke
40,PEER-1,SEED-1,Choke
40,PEER-1,PEER-2,Choke
40,PEER-1,PEER-3,Choke
40,PEER-1,PEER-4,Choke
40,PEER-1,PEER-5,Choke
40,PEER-2,SEED-1,Choke
40,PEER-2,PEER-1,Choke
40,PEER-2,PEER-3,Choke
40,PEER-2,PEER-4,Choke
40,PEER-2,PEER-5,Choke
40,PEER-3,SEED-1,Choke
40,PEER-3,PEER-1,Choke
40,PEER-3,PEER-2,Choke
40,PEER-3,PEER-4,Choke
40,PEER-3,PEER-5,Choke
40,PEER-5,SEED-1,Choke
40,PEER-5,PEER-1,Choke
40,PEER-5,PEER-2,Choke
40,PEER-5,PEER-3,Choke
40,PEER-5,PEER-4,Choke
40,SEED-1,PEER-1,Unchoke
40,SEED-1,PEER-2,Unchoke
40,SEED-1,PEER-3,Unchoke
40,SEED-1,PEER-4,Choke
40,SEED-1,PEER-5,Choke
40,PEER-1,SEED-1,Choke
40,PEER-1,PEER-2,Choke
40,PEER-1,PEER-3,Choke
40,PEER-1,PEER-4,Choke
40,PEER-1,PEER-5,Choke
40,PEER-2,SEED-1,Choke
40,PEER-2,PEER-1,Choke
40,PEER-2,PEER-3,Choke
40,PEER-2,PEER-4,Choke
40,PEER-2,PEER-5,Choke
40,PEER-3,SEED-1,Choke
40,PEER-3,PEER-1,Choke
40,PEER-3,PEER-2,Choke
40,PEER-3,PEER-4,Choke
40,PEER-3,PEER-5,Choke
40,PEER-5,SEED-1,Choke
40,PEER-5,PEER-1,Choke
40,PEER-5,PEER-2,Choke
40,PEER-5,PEER-3,Choke
40,PEER-5,PEER-4,Choke
40,SEED-1,PEER-1,Unchoke
40,SEED-1,PEER-2,Unchoke
40,SEED-1,PEER-3,Unchoke
40,SEED-1,PEER-4,Choke
40,SEED-1,PEER-5,Choke
40,PEER-1,SEED-1,Choke
40,PEER-1,PEER-2,Choke
40,PEER-1,PEER-3,Choke
40,PEER-1,PEER-4,Choke
40,PEER-1,PEER-5,Choke
40,PEER-2,SEED-1,Choke
40,PEER-2,PEER-1,Choke
40,PEER-2,PEER-3,Choke
40,PEER-2,PEER-4,Choke
40,PEER-2,PEER-5,Choke
40,PEER-3,SEED-1,Choke
40,PEER-3,PEER-1,Choke
40,PEER-3,PEER-2,Choke
40,PEER-3,PEER-4,Choke
40,PEER-3,PEER-5,Choke
40,PEER-5,SEED-1,Choke
40,PEER-5,PEER-1,Choke
40,PEER-5,PEER-2,Choke
40,PEER-5,PEER-3,Choke
40,PEER-5,PEER-4,Choke
40,SEED-1,PEER-1,Unchoke
40,SEED-1,PEER-2,Unchoke
40,SEED-1,PEER-3,Unchoke
40,SEED-1,PEER-4,Choke
40,SEED-1,PEER-5,Choke
40,PEER-1,SEED-1,Choke
40,PEER-1,PEER-2,Choke
40,PEER-1,PEER-3,Choke
40,PEER-1,PEER-4,Choke
40,PEER-1,PEER-5,Choke
40,PEER-2,SEED-1,Choke
40,PEER-2,PEER-1,Choke
40,PEER-2,PEER-3,Choke
40,PEER-2,PEER-4,Choke
40,PEER-2,PEER-5,Choke
40,PEER-3,SEED-1,Choke
40,PEER-3,PEER-1,Choke
40,PEER-3,PEER-2,Choke
40,PEER-3,PEER-4,Choke
40,PEER-3,PEER-5,Choke
40,PEER-5,SEED-1,Choke
40,PEER-5,PEER-1,Choke
40,PEER-5,PEER-2,Choke
40,PEER-5,PEER-3,Choke
40,PEER-5,PEER-4,Choke
40,SEED-1,PEER-1,Unchoke
40,SEED-1,PEER-2,Unchoke
40,SEED-1,PEER-3,Unchoke
40,SEED-1,PEER-4,Choke
40,SEED-1,PEER-5,Choke
40,PEER-1,SEED-1,Choke
40,PEER-1,PEER-2,Choke
40,PEER-1,PEER-3,Choke
40,PEER-1,PEER-4,Choke
40,PEER-1,PEER-5,Choke
40,PEER-2,SEED-1,Choke
40,PEER-2,PEER-1,Choke
40,PEER-2,PEER-3,Choke
40,PEER-2,PEER-4,Choke
40,PEER-2,PEER-5,Choke
40,PEER-3,SEED-1,Choke
40,PEER-3,PEER-1,Choke
40,PEER-3,PEER-2,Choke
40,PEER-3,PEER-4,Choke
40,PEER-3,PEER-5,Choke
40,PEER-5,SEED-1,Choke
40,PEER-5,PEER-1,Choke
40,PEER-5,PEER-2,Choke
40,PEER-5,PEER-3,Choke
40,PEER-5,PEER-4,Choke
50,SEED-1,PEER-1,Unchoke
50,SEED-1,PEER-2,Unchoke
50,SEED-1,PEER-3,Unchoke
50,SEED-1,PEER-4,Choke
50,SEED-1,PEER-5,Choke
50,PEER-1,SEED-1,Choke
50,PEER-1,PEER-2,Choke
50,PEER-1,PEER-3,Choke
50,PEER-1,PEER-4,Choke
50,PEER-1,PEER-5,Choke
50,PEER-2,SEED-1,Choke
50,PEER-2,PEER-1,Choke
50,PEER-2,PEER-3,Choke
50,PEER-2,PEER-4,Choke
50,PEER-2,PEER-5,Choke
50,PEER-3,SEED-1,Choke
50,PEER-3,PEER-1,Choke
50,PEER-3,PEER-2,Choke
50,PEER-3,PEER-4,Choke
50,PEER-3,PEER-5,Choke
50,PEER-5,SEED-1,Choke
50,PEER-5,PEER-1,Choke
50,PEER-5,PEER-2,Choke
50,PEER-5,PEER-3,Choke
50,PEER-5,PEER-4,Choke
50,SEED-1,PEER-1,Unchoke
50,SEED-1,PEER-2,Unchoke
50,SEED-1,PEER-3,Unchoke
50,SEED-1,PEER-4,Choke
50,SEED-1,PEER-5,Choke
50,PEER-1,SEED-1,Choke
50,PEER-1,PEER-2,Choke
50,PEER-1,PEER-3,Choke
50,PEER-1,PEER-4,Choke
50,PEER-1,PEER-5,Choke
50,PEER-2,SEED-1,Choke
50,PEER-2,PEER-1,Choke
50,PEER-2,PEER-3,Choke
50,PEER-2,PEER-4,Choke
50,PEER-2,PEER-5,Choke
50,PEER-3,SEED-1,Choke
50,PEER-3,PEER-1,Choke
50,PEER-3,PEER-2,Choke
50,PEER-3,PEER-4,Choke
50,PEER-3,PEER-5,Choke
50,PEER-5,SEED-1,Choke
50,PEER-5,PEER-1,Choke
50,PEER-5,PEER-2,Choke
50,PEER-5,PEER-3,Choke
50,PEER-5,PEER-4,Choke
50,SEED-1,PEER-1,Unchoke
50,SEED-1,PEER-2,Unchoke
50,SEED-1,PEER-3,Unchoke
50,SEED-1,PEER-4,Choke
50,SEED-1,PEER-5,Choke
50,PEER-1,SEED-1,Choke
50,PEER-1,PEER-2,Choke
50,PEER-1,PEER-3,Choke
50,PEER-1,PEER-4,Choke
50,PEER-1,PEER-5,Choke
50,PEER-2,SEED-1,Choke
50,PEER-2,PEER-1,Choke
50,PEER-2,PEER-3,Choke
50,PEER-2,PEER-4,Choke
50,PEER-2,PEER-5,Choke
50,PEER-3,SEED-1,Choke
50,PEER-3,PEER-1,Choke
50,PEER-3,PEER-2,Choke
50,PEER-3,PEER-4,Choke
50,PEER-3,PEER-5,Choke
50,PEER-5,SEED-1,Choke
50,PEER-5,PEER-1,Choke
50,PEER-5,PEER-2,Choke
50,PEER-5,PEER-3,Choke
50,PEER-5,PEER-4,Choke
50,SEED-1,PEER-1,Unchoke
50,SEED-1,PEER-2,Unchoke
50,SEED-1,PEER-3,Unchoke
50,SEED-1,PEER-4,Choke
50,SEED-1,PEER-5,Choke
50,PEER-1,SEED-1,Choke
50,PEER-1,PEER-2,Choke
50,PEER-1,PEER-3,Choke
50,PEER-1,PEER-4,Choke
50,PEER-1,PEER-5,Choke
50,PEER-2,SEED-1,Choke
50,PEER-2,PEER-1,Choke
50,PEER-2,PEER-3,Choke
50,PEER-2,PEER-4,Choke
50,PEER-2,PEER-5,Choke
50,PEER-3,SEED-1,Choke
50,PEER-3,PEER-1,Choke
50,PEER-3,PEER-2,Choke
50,PEER-3,PEER-4,Choke
50,PEER-3,PEER-5,Choke
50,PEER-5,SEED-1,Choke
50,PEER-5,PEER-1,Choke
50,PEER-5,PEER-2,Choke
50,PEER-5,PEER-3,Choke
50,PEER-5,PEER-4,Choke
50,SEED-1,PEER-1,Unchoke
50,SEED-1,PEER-2,Unchoke
50,SEED-1,PEER-3,Unchoke
50,SEED-1,PEER-4,Choke
50,SEED-1,PEER-5,Choke
50,PEER-1,SEED-1,Choke
50,PEER-1,PEER-2,Choke
50,PEER-1,PEER-3,Choke
50,PEER-1,PEER-4,Choke
50,PEER-1,PEER-5,Choke
50,PEER-2,SEED-1,Choke
50,PEER-2,PEER-1,Choke
50,PEER-2,PEER-3,Choke
50,PEER-2,PEER-4,Choke
50,PEER-2,PEER-5,Choke
50,PEER-3,SEED-1,Choke
50,PEER-3,PEER-1,Choke
50,PEER-3,PEER-2,Choke
50,PEER-3,PEER-4,Choke
50,PEER-3,PEER-5,Choke
50,PEER-5,SEED-1,Choke
50,PEER-5,PEER-1,Choke
50,PEER-5,PEER-2,Choke
50,PEER-5,PEER-3,Choke
50,PEER-5,PEER-4,Choke
50,SEED-1,PEER-1,Unchoke
50,SEED-1,PEER-2,Unchoke
50,SEED-1,PEER-3,Unchoke
50,SEED-1,PEER-4,Choke
50,SEED-1,PEER-5,Choke
50,PEER-1,SEED-1,Choke
50,PEER-1,PEER-2,Choke
50,PEER-1,PEER-3,Choke
50,PEER-1,PEER-4,Choke
50,PEER-1,PEER-5,Choke
50,PEER-2,SEED-1,Choke
50,PEER-2,PEER-1,Choke
50,PEER-2,PEER-3,Choke
50,PEER-2,PEER-4,Choke
50,PEER-2,PEER-5,Choke
50,PEER-3,SEED-1,Choke
50,PEER-3,PEER-1,Choke
50,PEER-3,PEER-2,Choke
50,PEER-3,PEER-4,Choke
50,PEER-3,PEER-5,Choke
50,PEER-5,SEED-1,Choke
50,PEER-5,PEER-1,Choke
50,PEER-5,PEER-2,Choke
50,PEER-5,PEER-3,Choke
50,PEER-5,PEER-4,Choke
50,SEED-1,PEER-1,Unchoke
50,SEED-1,PEER-2,Unchoke
50,SEED-1,PEER-3,Unchoke
50,SEED-1,PEER-4,Choke
50,SEED-1,PEER-5,Choke
50,PEER-1,SEED-1,Choke
50,PEER-1,PEER-2,Choke
50,PEER-1,PEER-3,Choke
50,PEER-1,PEER-4,Choke
50,PEER-1,PEER-5,Choke
50,PEER-2,SEED-1,Choke
50,PEER-2,PEER-1,Choke
50,PEER-2,PEER-3,Choke
50,PEER-2,PEER-4,Choke
50,PEER-2,PEER-5,Choke
50,PEER-3,SEED-1,Choke
50,PEER-3,PEER-1,Choke
50,PEER-3,PEER-2,Choke
50,PEER-3,PEER-4,Choke
50,PEER-3,PEER-5,Choke
50,PEER-5,SEED-1,Choke
50,PEER-5,PEER-1,Choke
50,PEER-5,PEER-2,Choke
50,PEER-5,PEER-3,Choke
50,PEER-5,PEER-4,Choke
50,SEED-1,PEER-1,Unchoke
50,SEED-1,PEER-2,Unchoke
50,SEED-1,PEER-3,Unchoke
50,SEED-1,PEER-4,Choke
50,SEED-1,PEER-5,Choke
50,PEER-1,SEED-1,Choke
50,PEER-1,PEER-2,Choke
50,PEER-1,PEER-3,Choke
50,PEER-1,PEER-4,Choke
50,PEER-1,PEER-5,Choke
50,PEER-2,SEED-1,Choke
50,PEER-2,PEER-1,Choke
50,PEER-2,PEER-3,Choke
50,PEER-2,PEER-4,Choke
50,PEER-2,PEER-5,Choke
50,PEER-3,SEED-1,Choke
50,PEER-3,PEER-1,Choke
50,PEER-3,PEER-2,Choke
50,PEER-3,PEER-4,Choke
50,PEER-3,PEER-5,Choke
50,PEER-5,SEED-1,Choke
50,PEER-5,PEER-1,Choke
50,PEER-5,PEER-2,Choke
50,PEER-5,PEER-3,Choke
50,PEER-5,PEER-4,Choke
50,SEED-1,PEER-1,Unchoke
50,SEED-1,PEER-2,Unchoke
50,SEED-1,PEER-3,Unchoke
50,SEED-1,PEER-4,Choke
50,SEED-1,PEER-5,Choke
50,PEER-1,SEED-1,Choke
50,PEER-1,PEER-2,Choke
50,PEER-1,PEER-3,Choke
50,PEER-1,PEER-4,Choke
50,PEER-1,PEER-5,Choke
50,PEER-2,SEED-1,Choke
50,PEER-2,PEER-1,Choke
50,PEER-2,PEER-3,Choke
50,PEER-2,PEER-4,Choke
50,PEER-2,PEER-5,Choke
50,PEER-3,SEED-1,Choke
50,PEER-3,PEER-1,Choke
50,PEER-3,PEER-2,Choke
50,PEER-3,PEER-4,Choke
50,PEER-3,PEER-5,Choke
50,PEER-5,SEED-1,Choke
50,PEER-5,PEER-1,Choke
50,PEER-5,PEER-2,Choke
50,PEER-5,PEER-3,Choke
50,PEER-5,PEER-4,Choke
50,SEED-1,PEER-1,Unchoke
50,SEED-1,PEER-2,Unchoke
50,SEED-1,PEER-3,Unchoke
50,SEED-1,PEER-4,Unchoke
50,SEED-1,PEER-4,Unchoke
50,SEED-1,PEER-5,Choke
50,PEER-1,SEED-1,Choke
50,PEER-1,PEER-2,Choke
50,PEER-1,PEER-3,Choke
50,PEER-1,PEER-4,Choke
50,PEER-1,PEER-5,Choke
50,PEER-2,SEED-1,Choke
50,PEER-2,PEER-1,Choke
50,PEER-2,PEER-3,Choke
50,PEER-2,PEER-4,Choke
50,PEER-2,PEER-5,Choke
50,PEER-3,SEED-1,Choke
50,PEER-3,PEER-1,Choke
50,PEER-3,PEER-2,Choke
50,PEER-3,PEER-4,Choke
50,PEER-3,PEER-5,Choke
50,PEER-5,SEED-1,Choke
50,PEER-5,PEER-1,Choke
50,PEER-5,PEER-2,Choke
50,PEER-5,PEER-3,Choke
50,PEER-5,PEER-4,Choke
60,SEED-1,PEER-1,Unchoke
60,SEED-1,PEER-2,Unchoke
60,SEED-1,PEER-3,Unchoke
60,SEED-1,PEER-4,Choke
60,SEED-1,PEER-4,Choke
60,SEED-1,PEER-5,Choke
60,PEER-1,SEED-1,Choke
60,PEER-1,PEER-2,Choke
60,PEER-1,PEER-3,Choke
60,PEER-1,PEER-4,Choke
60,PEER-1,PEER-5,Choke
60,PEER-2,SEED-1,Choke
60,PEER-2,PEER-1,Choke
60,PEER-2,PEER-3,Choke
60,PEER-2,PEER-4,Choke
60,PEER-2,PEER-5,Choke
60,PEER-3,SEED-1,Choke
60,PEER-3,PEER-1,Choke
60,PEER-3,PEER-2,Choke
60,PEER-3,PEER-4,Choke
60,PEER-3,PEER-5,Choke
60,PEER-4,SEED-1,Choke
60,PEER-4,PEER-1,Choke
60,PEER-4,PEER-2,Choke
60,PEER-4,PEER-3,Choke
60,PEER-4,PEER-5,Choke
60,PEER-5,SEED-1,Choke
60,PEER-5,PEER-1,Choke
60,PEER-5,PEER-2,Choke
60,PEER-5,PEER-3,Choke
60,PEER-5,PEER-4,Choke
60,SEED-1,PEER-1,Unchoke
60,SEED-1,PEER-2,Unchoke
60,SEED-1,PEER-3,Unchoke
60,SEED-1,PEER-4,Choke
60,SEED-1,PEER-5,Choke
60,PEER-1,SEED-1,Choke
60,PEER-1,PEER-2,Choke
60,PEER-1,PEER-3,Choke
60,PEER-1,PEER-4,Choke
60,PEER-1,PEER-5,Choke
60,PEER-2,SEED-1,Choke
60,PEER-2,PEER-1,Choke
60,PEER-2,PEER-3,Choke
60,PEER-2,PEER-4,Choke
60,PEER-2,PEER-5,Choke
60,PEER-3,SEED-1,Choke
60,PEER-3,PEER-1,Choke
60,PEER-3,PEER-2,Choke
60,PEER-3,PEER-4,Choke
60,PEER-3,PEER-5,Choke
60,PEER-4,SEED-1,Choke
60,PEER-4,PEER-1,Choke
60,PEER-4,PEER-2,Choke
60,PEER-4,PEER-3,Choke
60,PEER-4,PEER-5,Choke
60,PEER-5,SEED-1,Choke
60,PEER-5,PEER-1,Choke
60,PEER-5,PEER-2,Choke
60,PEER-5,PEER-3,Choke
60,PEER-5,PEER-4,Choke
60,SEED-1,PEER-1,Unchoke
60,SEED-1,PEER-2,Unchoke
60,SEED-1,PEER-3,Unchoke
60,SEED-1,PEER-4,Choke
60,SEED-1,PEER-5,Choke
60,PEER-1,SEED-1,Choke
60,PEER-1,PEER-2,Choke
60,PEER-1,PEER-3,Choke
60,PEER-1,PEER-4,Choke
60,PEER-1,PEER-5,Choke
60,PEER-2,SEED-1,Choke
60,PEER-2,PEER-1,Choke
60,PEER-2,PEER-3,Choke
60,PEER-2,PEER-4,Choke
60,PEER-2,PEER-5,Choke
60,PEER-3,SEED-1,Choke
60,PEER-3,PEER-1,Choke
60,PEER-3,PEER-2,Choke
60,PEER-3,PEER-4,Choke
60,PEER-3,PEER-5,Choke
60,PEER-4,SEED-1,Choke
60,PEER-4,PEER-1,Choke
60,PEER-4,PEER-2,Choke
60,PEER-4,PEER-3,Choke
60,PEER-4,PEER-5,Choke
60,PEER-5,SEED-1,Choke
60,PEER-5,PEER-1,Choke
60,PEER-5,PEER-2,Choke
60,PEER-5,PEER-3,Choke
60,PEER-5,PEER-4,Choke
60,SEED-1,PEER-1,Unchoke
60,SEED-1,PEER-2,Unchoke
60,SEED-1,PEER-3,Unchoke
60,SEED-1,PEER-4,Choke
60,SEED-1,PEER-5,Choke
60,PEER-1,SEED-1,Choke
60,PEER-1,PEER-2,Choke
60,PEER-1,PEER-3,Choke
60,PEER-1,PEER-4,Choke
60,PEER-1,PEER-5,Choke
60,PEER-2,SEED-1,Choke
60,PEER-2,PEER-1,Choke
60,PEER-2,PEER-3,Choke
60,PEER-2,PEER-4,Choke
60,PEER-2,PEER-5,Choke
60,PEER-3,SEED-1,Choke
60,PEER-3,PEER-1,Choke
60,PEER-3,PEER-2,Choke
60,PEER-3,PEER-4,Choke
60,PEER-3,PEER-5,Choke
60,PEER-4,SEED-1,Choke
60,PEER-4,PEER-1,Choke
60,PEER-4,PEER-2,Choke
60,PEER-4,PEER-3,Choke
60,PEER-4,PEER-5,Choke
60,PEER-5,SEED-1,Choke
60,PEER-5,PEER-1,Choke
60,PEER-5,PEER-2,Choke
60,PEER-5,PEER-3,Choke
60,PEER-5,PEER-4,Choke
60,SEED-1,PEER-1,Unchoke
60,SEED-1,PEER-2,Unchoke
60,SEED-1,PEER-3,Unchoke
60,SEED-1,PEER-4,Choke
60,SEED-1,PEER-5,Choke
60,PEER-1,SEED-1,Choke
60,PEER-1,PEER-2,Choke
60,PEER-1,PEER-3,Choke
60,PEER-1,PEER-4,Choke
60,PEER-1,PEER-5,Choke
60,PEER-2,SEED-1,Choke
60,PEER-2,PEER-1,Choke
60,PEER-2,PEER-3,Choke
60,PEER-2,PEER-4,Choke
60,PEER-2,PEER-5,Choke
60,PEER-3,SEED-1,Choke
60,PEER-3,PEER-1,Choke
60,PEER-3,PEER-2,Choke
60,PEER-3,PEER-4,Choke
60,PEER-3,PEER-5,Choke
60,PEER-4,SEED-1,Choke
60,PEER-4,PEER-1,Choke
60,PEER-4,PEER-2,Choke
60,PEER-4,PEER-3,Choke
60,PEER-4,PEER-5,Choke
60,PEER-5,SEED-1,Choke
60,PEER-5,PEER-1,Choke
60,PEER-5,PEER-2,Choke
60,PEER-5,PEER-3,Choke
60,PEER-5,PEER-4,Choke
60,SEED-1,PEER-1,Unchoke
60,SEED-1,PEER-2,Unchoke
60,SEED-1,PEER-3,Unchoke
60,SEED-1,PEER-4,Choke
60,SEED-1,PEER-5,Choke
60,PEER-1,SEED-1,Choke
60,PEER-1,PEER-2,Choke
60,PEER-1,PEER-3,Choke
60,PEER-1,PEER-4,Choke
60,PEER-1,PEER-5,Choke
60,PEER-2,SEED-1,Choke
60,PEER-2,PEER-1,Choke
60,PEER-2,PEER-3,Choke
60,PEER-2,PEER-4,Choke
60,PEER-2,PEER-5,Choke
60,PEER-3,SEED-1,Choke
60,PEER-3,PEER-1,Choke
60,PEER-3,PEER-2,Choke
60,PEER-3,PEER-4,Choke
60,PEER-3,PEER-5,Choke
60,PEER-4,SEED-1,Choke
60,PEER-4,PEER-1,Choke
60,PEER-4,PEER-2,Choke
60,PEER-4,PEER-3,Choke
60,PEER-4,PEER-5,Choke
60,PEER-5,SEED-1,Choke
60,PEER-5,PEER-1,Choke
60,PEER-5,PEER-2,Choke
60,PEER-5,PEER-3,Choke
60,PEER-5,PEER-4,Choke
60,SEED-1,PEER-1,Unchoke
60,SEED-1,PEER-2,Unchoke
60,SEED-1,PEER-3,Unchoke
60,SEED-1,PEER-4,Choke
60,SEED-1,PEER-5,Choke
60,PEER-1,SEED-1,Choke
60,PEER-1,PEER-2,Choke
60,PEER-1,PEER-3,Choke
60,PEER-1,PEER-4,Choke
60,PEER-1,PEER-5,Choke
60,PEER-2,SEED-1,Choke
60,PEER-2,PEER-1,Choke
60,PEER-2,PEER-3,Choke
60,PEER-2,PEER-4,Choke
60,PEER-2,PEER-5,Choke
60,PEER-3,SEED-1,Choke
60,PEER-3,PEER-1,Choke
60,PEER-3,PEER-2,Choke
60,PEER-3,PEER-4,Choke
60,PEER-3,PEER-5,Choke
60,PEER-4,SEED-1,Choke
60,PEER-4,PEER-1,Choke
60,PEER-4,PEER-2,Choke
60,PEER-4,PEER-3,Choke
60,PEER-4,PEER-5,Choke
60,PEER-5,SEED-1,Choke
60,PEER-5,PEER-1,Choke
60,PEER-5,PEER-2,Choke
60,PEER-5,PEER-3,Choke
60,PEER-5,PEER-4,Choke
60,SEED-1,PEER-1,Unchoke
60,SEED-1,PEER-2,Unchoke
60,SEED-1,PEER-3,Unchoke
60,SEED-1,PEER-4,Choke
60,SEED-1,PEER-5,Choke
60,PEER-1,SEED-1,Choke
60,PEER-1,PEER-2,Choke
60,PEER-1,PEER-3,Choke
60,PEER-1,PEER-4,Choke
60,PEER-1,PEER-5,Choke
60,PEER-2,SEED-1,Choke
60,PEER-2,PEER-1,Choke
60,PEER-2,PEER-3,Choke
60,PEER-2,PEER-4,Choke
60,PEER-2,PEER-5,Choke
60,PEER-3,SEED-1,Choke
60,PEER-3,PEER-1,Choke
60,PEER-3,PEER-2,Choke
60,PEER-3,PEER-4,Choke
60,PEER-3,PEER-5,Choke
60,PEER-4,SEED-1,Choke
60,PEER-4,PEER-1,Choke
60,PEER-4,PEER-2,Choke
60,PEER-4,PEER-3,Choke
60,PEER-4,PEER-5,Choke
60,PEER-5,SEED-1,Choke
60,PEER-5,PEER-1,Choke
60,PEER-5,PEER-2,Choke
60,PEER-5,PEER-3,Choke
60,PEER-5,PEER-4,Choke
60,SEED-1,PEER-1,Unchoke
60,SEED-1,PEER-2,Unchoke
60,SEED-1,PEER-3,Unchoke
60,SEED-1,PEER-4,Choke
60,SEED-1,PEER-5,Choke
60,PEER-1,SEED-1,Choke
60,PEER-1,PEER-2,Choke
60,PEER-1,PEER-3,Choke
60,PEER-1,PEER-4,Choke
60,PEER-1,PEER-5,Choke
60,PEER-2,SEED-1,Choke
60,PEER-2,PEER-1,Choke
60,PEER-2,PEER-3,Choke
60,PEER-2,PEER-4,Choke
60,PEER-2,PEER-5,Choke
60,PEER-3,SEED-1,Choke
60,PEER-3,PEER-1,Choke
60,PEER-3,PEER-2,Choke
60,PEER-3,PEER-4,Choke
60,PEER-3,PEER-5,Choke
60,PEER-4,SEED-1,Choke
60,PEER-4,PEER-1,Choke
60,PEER-4,PEER-2,Choke
60,PEER-4,PEER-3,Choke
60,PEER-4,PEER-5,Choke
60,PEER-5,SEED-1,Choke
60,PEER-5,PEER-1,Choke
60,PEER-5,PEER-2,Choke
60,PEER-5,PEER-3,Choke
60,PEER-5,PEER-4,Choke
60,SEED-1,PEER-1,Unchoke
60,SEED-1,PEER-2,Unchoke
60,SEED-1,PEER-3,Unchoke
60,SEED-1,PEER-4,Choke
60,SEED-1,PEER-5,Choke
60,PEER-1,SEED-1,Choke
60,PEER-1,PEER-2,Choke
60,PEER-1,PEER-3,Choke
60,PEER-1,PEER-4,Choke
60,PEER-1,PEER-5,Choke
60,PEER-2,SEED-1,Choke
60,PEER-2,PEER-1,Choke
60,PEER-2,PEER-3,Choke
60,PEER-2,PEER-4,Choke
60,PEER-2,PEER-5,Choke
60,PEER-3,SEED-1,Choke
60,PEER-3,PEER-1,Choke
60,PEER-3,PEER-2,Choke
60,PEER-3,PEER-4,Choke
60,PEER-3,PEER-5,Choke
60,PEER-4,SEED-1,Choke
60,PEER-4,PEER-1,Choke
60,PEER-4,PEER-2,Choke
60,PEER-4,PEER-3,Choke
60,PEER-4,PEER-5,Choke
60,PEER-5,SEED-1,Choke
60,PEER-5,PEER-1,Choke
60,PEER-5,PEER-2,Choke
60,PEER-5,PEER-3,Choke
60,PEER-5,PEER-4,Choke
70,SEED-1,PEER-1,Unchoke
70,SEED-1,PEER-2,Unchoke
70,SEED-1,PEER-3,Unchoke
70,SEED-1,PEER-4,Choke
70,SEED-1,PEER-5,Choke
70,PEER-1,SEED-1,Choke
70,PEER-1,PEER-2,Choke
70,PEER-1,PEER-3,Choke
70,PEER-1,PEER-4,Choke
70,PEER-1,PEER-5,Choke
70,PEER-2,SEED-1,Choke
70,PEER-2,PEER-1,Choke
70,PEER-2,PEER-3,Choke
70,PEER-2,PEER-4,Choke
70,PEER-2,PEER-5,Choke
70,PEER-3,SEED-1,Choke
70,PEER-3,PEER-1,Choke
70,PEER-3,PEER-2,Choke
70,PEER-3,PEER-4,Choke
70,PEER-3,PEER-5,Choke
70,PEER-4,SEED-1,Choke
70,PEER-4,PEER-1,Choke
70,PEER-4,PEER-2,Choke
70,PEER-4,PEER-3,Choke
70,PEER-4,PEER-5,Choke
70,PEER-5,SEED-1,Choke
70,PEER-5,PEER-1,Choke
70,PEER-5,PEER-2,Choke
70,PEER-5,PEER-3,Choke
70,PEER-5,PEER-4,Choke
70,SEED-1,PEER-1,Unchoke
70,SEED-1,PEER-2,Unchoke
70,SEED-1,PEER-3,Unchoke
70,SEED-1,PEER-4,Choke
70,SEED-1,PEER-5,Choke
70,PEER-1,SEED-1,Choke
70,PEER-1,PEER-2,Choke
70,PEER-1,PEER-3,Choke
70,PEER-1,PEER-4,Choke
70,PEER-1,PEER-5,Choke
70,PEER-2,SEED-1,Choke
70,PEER-2,PEER-1,Choke
70,PEER-2,PEER-3,Choke
70,PEER-2,PEER-4,Choke
70,PEER-2,PEER-5,Choke
70,PEER-3,SEED-1,Choke
70,PEER-3,PEER-1,Choke
70,PEER-3,PEER-2,Choke
70,PEER-3,PEER-4,Choke
70,PEER-3,PEER-5,Choke
70,PEER-4,SEED-1,Choke
70,PEER-4,PEER-1,Choke
70,PEER-4,PEER-2,Choke
70,PEER-4,PEER-3,Choke
70,PEER-4,PEER-5,Choke
70,PEER-5,SEED-1,Choke
70,PEER-5,PEER-1,Choke
70,PEER-5,PEER-2,Choke
70,PEER-5,PEER-3,Choke
70,PEER-5,PEER-4,Choke
70,SEED-1,PEER-1,Unchoke
70,SEED-1,PEER-2,Unchoke
70,SEED-1,PEER-3,Unchoke
70,SEED-1,PEER-4,Choke
70,SEED-1,PEER-5,Choke
70,PEER-1,SEED-1,Choke
70,PEER-1,PEER-2,Choke
70,PEER-1,PEER-3,Choke
70,PEER-1,PEER-4,Choke
70,PEER-1,PEER-5,Choke
70,PEER-2,SEED-1,Choke
70,PEER-2,PEER-1,Choke
70,PEER-2,PEER-3,Choke
70,PEER-2,PEER-4,Choke
70,PEER-2,PEER-5,Choke
70,PEER-3,SEED-1,Choke
70,PEER-3,PEER-1,Choke
70,PEER-3,PEER-2,Choke
70,PEER-3,PEER-4,Choke
70,PEER-3,PEER-5,Choke
70,PEER-4,SEED-1,Choke
70,PEER-4,PEER-1,Choke
70,PEER-4,PEER-2,Choke
70,PEER-4,PEER-3,Choke
70,PEER-4,PEER-5,Choke
70,PEER-5,SEED-1,Choke
70,PEER-5,PEER-1,Choke
70,PEER-5,PEER-2,Choke
70,PEER-5,PEER-3,Choke
70,PEER-5,PEER-4,Choke
70,SEED-1,PEER-1,Unchoke
70,SEED-1,PEER-2,Unchoke
70,SEED-1,PEER-3,Unchoke
70,SEED-1,PEER-4,Choke
70,SEED-1,PEER-5,Choke
70,PEER-1,SEED-1,Choke
70,PEER-1,PEER-2,Choke
70,PEER-1,PEER-3,Choke
70,PEER-1,PEER-4,Choke
70,PEER-1,PEER-5,Choke
70,PEER-2,SEED-1,Choke
70,PEER-2,PEER-1,Choke
70,PEER-2,PEER-3,Choke
70,PEER-2,PEER-4,Choke
70,PEER-2,PEER-5,Choke
70,PEER-3,SEED-1,Choke
70,PEER-3,PEER-1,Choke
70,PEER-3,PEER-2,Choke
70,PEER-3,PEER-4,Choke
70,PEER-3,PEER-5,Choke
70,PEER-4,SEED-1,Choke
70,PEER-4,PEER-1,Choke
70,PEER-4,PEER-2,Choke
70,PEER-4,PEER-3,Choke
70,PEER-4,PEER-5,Choke
70,PEER-5,SEED-1,Choke
70,PEER-5,PEER-1,Choke
70,PEER-5,PEER-2,Choke
70,PEER-5,PEER-3,Choke
70,PEER-5,PEER-4,Choke
70,SEED-1,PEER-1,Unchoke
70,SEED-1,PEER-2,Unchoke
70,SEED-1,PEER-3,Unchoke
70,SEED-1,PEER-4,Choke
70,SEED-1,PEER-5,Choke
70,PEER-1,SEED-1,Choke
70,PEER-1,PEER-2,Choke
70,PEER-1,PEER-3,Choke
70,PEER-1,PEER-4,Choke
70,PEER-1,PEER-5,Choke
70,PEER-2,SEED-1,Choke
70,PEER-2,PEER-1,Choke
70,PEER-2,PEER-3,Choke
70,PEER-2,PEER-4,Choke
70,PEER-2,PEER-5,Choke
70,PEER-3,SEED-1,Choke
70,PEER-3,PEER-1,Choke
70,PEER-3,PEER-2,Choke
70,PEER-3,PEER-4,Choke
70,PEER-3,PEER-5,Choke
70,PEER-4,SEED-1,Choke
70,PEER-4,PEER-1,Choke
70,PEER-4,PEER-2,Choke
70,PEER-4,PEER-3,Choke
70,PEER-4,PEER-5,Choke
70,PEER-5,SEED-1,Choke
70,PEER-5,PEER-1,Choke
70,PEER-5,PEER-2,Choke
70,PEER-5,PEER-3,Choke
70,PEER-5,PEER-4,Choke
70,SEED-1,PEER-1,Unchoke
70,SEED-1,PEER-2,Unchoke
70,SEED-1,PEER-3,Unchoke
70,SEED-1,PEER-4,Choke
70,SEED-1,PEER-5,Choke
70,PEER-1,SEED-1,Choke
70,PEER-1,PEER-2,Choke
70,PEER-1,PEER-3,Choke
70,PEER-1,PEER-4,Choke
70,PEER-1,PEER-5,Choke
70,PEER-2,SEED-1,Choke
70,PEER-2,PEER-1,Choke
70,PEER-2,PEER-3,Choke
70,PEER-2,PEER-4,Choke
70,PEER-2,PEER-5,Choke
70,PEER-3,SEED-1,Choke
70,PEER-3,PEER-1,Choke
70,PEER-3,PEER-2,Choke
70,PEER-3,PEER-4,Choke
70,PEER-3,PEER-5,Choke
70,PEER-4,SEED-1,Choke
70,PEER-4,PEER-1,Choke
70,PEER-4,PEER-2,Choke
70,PEER-4,PEER-3,Choke
70,PEER-4,PEER-5,Choke
70,PEER-5,SEED-1,Choke
70,PEER-5,PEER-1,Choke
70,PEER-5,PEER-2,Choke
70,PEER-5,PEER-3,Choke
70,PEER-5,PEER-4,Choke
70,SEED-1,PEER-1,Unchoke
70,SEED-1,PEER-2,Unchoke
70,SEED-1,PEER-3,Unchoke
70,SEED-1,PEER-4,Choke
70,SEED-1,PEER-5,Choke
70,PEER-1,SEED-1,Choke
70,PEER-1,PEER-2,Choke
70,PEER-1,PEER-3,Choke
70,PEER-1,PEER-4,Choke
70,PEER-1,PEER-5,Choke
70,PEER-2,SEED-1,Choke
70,PEER-2,PEER-1,Choke
70,PEER-2,PEER-3,Choke
70,PEER-2,PEER-4,Choke
70,PEER-2,PEER-5,Choke
70,PEER-3,SEED-1,Choke
70,PEER-3,PEER-1,Choke
70,PEER-3,PEER-2,Choke
70,PEER-3,PEER-4,Choke
70,PEER-3,PEER-5,Choke
70,PEER-4,SEED-1,Choke
70,PEER-4,PEER-1,Choke
70,PEER-4,PEER-2,Choke
70,PEER-4,PEER-3,Choke
70,PEER-4,PEER-5,Choke
70,PEER-5,SEED-1,Choke
70,PEER-5,PEER-1,Choke
70,PEER-5,PEER-2,Choke
70,PEER-5,PEER-3,Choke
70,PEER-5,PEER-4,Choke
70,SEED-1,PEER-1,Unchoke
70,SEED-1,PEER-2,Unchoke
70,SEED-1,PEER-3,Unchoke
70,SEED-1,PEER-4,Choke
70,SEED-1,PEER-5,Choke
70,PEER-1,SEED-1,Choke
70,PEER-1,PEER-2,Choke
70,PEER-1,PEER-3,Choke
70,PEER-1,PEER-4,Choke
70,PEER-1,PEER-5,Choke
70,PEER-2,SEED-1,Choke
70,PEER-2,PEER-1,Choke
70,PEER-2,PEER-3,Choke
70,PEER-2,PEER-4,Choke
70,PEER-2,PEER-5,Choke
70,PEER-3,SEED-1,Choke
70,PEER-3,PEER-1,Choke
70,PEER-3,PEER-2,Choke
70,PEER-3,PEER-4,Choke
70,PEER-3,PEER-5,Choke
70,PEER-4,SEED-1,Choke
70,PEER-4,PEER-1,Choke
70,PEER-4,PEER-2,Choke
70,PEER-4,PEER-3,Choke
70,PEER-4,PEER-5,Choke
70,PEER-5,SEED-1,Choke
70,PEER-5,PEER-1,Choke
70,PEER-5,PEER-2,Choke
70,PEER-5,PEER-3,Choke
70,PEER-5,PEER-4,Choke
70,SEED-1,PEER-1,Unchoke
70,SEED-1,PEER-2,Unchoke
70,SEED-1,PEER-3,Unchoke
70,SEED-1,PEER-4,Choke
70,SEED-1,PEER-5,Choke
70,PEER-1,SEED-1,Choke
70,PEER-1,PEER-2,Choke
70,PEER-1,PEER-3,Choke
70,PEER-1,PEER-4,Choke
70,PEER-1,PEER-5,Choke
70,PEER-2,SEED-1,Choke
70,PEER-2,PEER-1,Choke
70,PEER-2,PEER-3,Choke
70,PEER-2,PEER-4,Choke
70,PEER-2,PEER-5,Choke
70,PEER-3,SEED-1,Choke
70,PEER-3,PEER-1,Choke
70,PEER-3,PEER-2,Choke
70,PEER-3,PEER-4,Choke
70,PEER-3,PEER-5,Choke
70,PEER-4,SEED-1,Choke
70,PEER-4,PEER-1,Choke
70,PEER-4,PEER-2,Choke
70,PEER-4,PEER-3,Choke
70,PEER-4,PEER-5,Choke
70,PEER-5,SEED-1,Choke
70,PEER-5,PEER-1,Choke
70,PEER-5,PEER-2,Choke
70,PEER-5,PEER-3,Choke
70,PEER-5,PEER-4,Choke
70,SEED-1,PEER-1,Unchoke
70,SEED-1,PEER-2,Unchoke
70,SEED-1,PEER-3,Unchoke
70,SEED-1,PEER-4,Choke
70,SEED-1,PEER-5,Choke
70,PEER-1,SEED-1,Choke
70,PEER-1,PEER-2,Choke
70,PEER-1,PEER-3,Choke
70,PEER-1,PEER-4,Choke
70,PEER-1,PEER-5,Choke
70,PEER-2,SEED-1,Choke
70,PEER-2,PEER-1,Choke
70,PEER-2,PEER-3,Choke
70,PEER-2,PEER-4,Choke
70,PEER-2,PEER-5,Choke
70,PEER-3,SEED-1,Choke
70,PEER-3,PEER-1,Choke
70,PEER-3,PEER-2,Choke
70,PEER-3,PEER-4,Choke
70,PEER-3,PEER-5,Choke
70,PEER-4,SEED-1,Choke
70,PEER-4,PEER-1,Choke
70,PEER-4,PEER-2,Choke
70,PEER-4,PEER-3,Choke
70,PEER-4,PEER-5,Choke
70,PEER-5,SEED-1,Choke
70,PEER-5,PEER-1,Choke
70,PEER-5,PEER-2,Choke
70,PEER-5,PEER-3,Choke
70,PEER-5,PEER-4,Choke
80,SEED-1,PEER-1,Unchoke
80,SEED-1,PEER-2,Unchoke
80,SEED-1,PEER-3,Unchoke
80,SEED-1,PEER-4,Choke
80,SEED-1,PEER-5,Choke
80,PEER-1,SEED-1,Choke
80,PEER-1,PEER-2,Choke
80,PEER-1,PEER-3,Choke
80,PEER-1,PEER-4,Choke
80,PEER-1,PEER-5,Choke
80,PEER-2,SEED-1,Choke
80,PEER-2,PEER-1,Choke
80,PEER-2,PEER-3,Choke
80,PEER-2,PEER-4,Choke
80,PEER-2,PEER-5,Choke
80,PEER-3,SEED-1,Choke
80,PEER-3,PEER-1,Choke
80,PEER-3,PEER-2,Choke
80,PEER-3,PEER-4,Choke
80,PEER-3,PEER-5,Choke
80,PEER-4,SEED-1,Choke
80,PEER-4,PEER-1,Choke
80,PEER-4,PEER-2,Choke
80,PEER-4,PEER-3,Choke
80,PEER-4,PEER-5,Choke
80,PEER-5,SEED-1,Choke
80,PEER-5,PEER-1,Choke
80,PEER-5,PEER-2,Choke
80,PEER-5,PEER-3,Choke
80,PEER-5,PEER-4,Choke
80,SEED-1,PEER-1,Unchoke
80,SEED-1,PEER-2,Unchoke
80,SEED-1,PEER-3,Unchoke
80,SEED-1,PEER-4,Choke
80,SEED-1,PEER-5,Choke
80,PEER-1,SEED-1,Choke
80,PEER-1,PEER-2,Choke
80,PEER-1,PEER-3,Choke
80,PEER-1,PEER-4,Choke
80,PEER-1,PEER-5,Choke
80,PEER-2,SEED-1,Choke
80,PEER-2,PEER-1,Choke
80,PEER-2,PEER-3,Choke
80,PEER-2,PEER-4,Choke
80,PEER-2,PEER-5,Choke
80,PEER-3,SEED-1,Choke
80,PEER-3,PEER-1,Choke
80,PEER-3,PEER-2,Choke
80,PEER-3,PEER-4,Choke
80,PEER-3,PEER-5,Choke
80,PEER-4,SEED-1,Choke
80,PEER-4,PEER-1,Choke
80,PEER-4,PEER-2,Choke
80,PEER-4,PEER-3,Choke
80,PEER-4,PEER-5,Choke
80,PEER-5,SEED-1,Choke
80,PEER-5,PEER-1,Choke
80,PEER-5,PEER-2,Choke
80,PEER-5,PEER-3,Choke
80,PEER-5,PEER-4,Choke
80,SEED-1,PEER-1,Unchoke
80,SEED-1,PEER-2,Unchoke
80,SEED-1,PEER-3,Unchoke
80,SEED-1,PEER-4,Choke
80,SEED-1,PEER-5,Choke
80,PEER-1,SEED-1,Choke
80,PEER-1,PEER-2,Choke
80,PEER-1,PEER-3,Choke
80,PEER-1,PEER-4,Choke
80,PEER-1,PEER-5,Choke
80,PEER-2,SEED-1,Choke
80,PEER-2,PEER-1,Choke
80,PEER-2,PEER-3,Choke
80,PEER-2,PEER-4,Choke
80,PEER-2,PEER-5,Choke
80,PEER-3,SEED-1,Choke
80,PEER-3,PEER-1,Choke
80,PEER-3,PEER-2,Choke
80,PEER-3,PEER-4,Choke
80,PEER-3,PEER-5,Choke
80,PEER-4,SEED-1,Choke
80,PEER-4,PEER-1,Choke
80,PEER-4,PEER-2,Choke
80,PEER-4,PEER-3,Choke
80,PEER-4,PEER-5,Choke
80,PEER-5,SEED-1,Choke
80,PEER-5,PEER-1,Choke
80,PEER-5,PEER-2,Choke
80,PEER-5,PEER-3,Choke
80,PEER-5,PEER-4,Choke
80,SEED-1,PEER-1,Unchoke
80,SEED-1,PEER-2,Unchoke
80,SEED-1,PEER-3,Unchoke
80,SEED-1,PEER-4,Choke
80,SEED-1,PEER-5,Choke
80,PEER-1,SEED-1,Choke
80,PEER-1,PEER-2,Choke
80,PEER-1,PEER-3,Choke
80,PEER-1,PEER-4,Choke
80,PEER-1,PEER-5,Choke
80,PEER-2,SEED-1,Choke
80,PEER-2,PEER-1,Choke
80,PEER-2,PEER-3,Choke
80,PEER-2,PEER-4,Choke
80,PEER-2,PEER-5,Choke
80,PEER-3,SEED-1,Choke
80,PEER-3,PEER-1,Choke
80,PEER-3,PEER-2,Choke
80,PEER-3,PEER-4,Choke
80,PEER-3,PEER-5,Choke
80,PEER-4,SEED-1,Choke
80,PEER-4,PEER-1,Choke
80,PEER-4,PEER-2,Choke
80,PEER-4,PEER-3,Choke
80,PEER-4,PEER-5,Choke
80,PEER-5,SEED-1,Choke
80,PEER-5,PEER-1,Choke
80,PEER-5,PEER-2,Choke
80,PEER-5,PEER-3,Choke
80,PEER-5,PEER-4,Choke
80,SEED-1,PEER-1,Unchoke
80,SEED-1,PEER-2,Unchoke
80,SEED-1,PEER-3,Unchoke
80,SEED-1,PEER-4,Choke
80,SEED-1,PEER-5,Choke
80,PEER-1,SEED-1,Choke
80,PEER-1,PEER-2,Choke
80,PEER-1,PEER-3,Choke
80,PEER-1,PEER-4,Choke
80,PEER-1,PEER-5,Choke
80,PEER-2,SEED-1,Choke
80,PEER-2,PEER-1,Choke
80,PEER-2,PEER-3,Choke
80,PEER-2,PEER-4,Choke
80,PEER-2,PEER-5,Choke
80,PEER-3,SEED-1,Choke
80,PEER-3,PEER-1,Choke
80,PEER-3,PEER-2,Choke
80,PEER-3,PEER-4,Choke
80,PEER-3,PEER-5,Choke
80,PEER-4,SEED-1,Choke
80,PEER-4,PEER-1,Choke
80,PEER-4,PEER-2,Choke
80,PEER-4,PEER-3,Choke
80,PEER-4,PEER-5,Choke
80,PEER-5,SEED-1,Choke
80,PEER-5,PEER-1,Choke
80,PEER-5,PEER-2,Choke
80,PEER-5,PEER-3,Choke
80,PEER-5,PEER-4,Choke
80,SEED-1,PEER-1,Unchoke
80,SEED-1,PEER-2,Unchoke
80,SEED-1,PEER-3,Unchoke
80,SEED-1,PEER-4,Choke
80,SEED-1,PEER-5,Choke
80,PEER-1,SEED-1,Choke
80,PEER-1,PEER-2,Choke
80,PEER-1,PEER-3,Choke
80,PEER-1,PEER-4,Choke
80,PEER-1,PEER-5,Choke
80,PEER-2,SEED-1,Choke
80,PEER-2,PEER-1,Choke
80,PEER-2,PEER-3,Choke
80,PEER-2,PEER-4,Choke
80,PEER-2,PEER-5,Choke
80,PEER-3,SEED-1,Choke
80,PEER-3,PEER-1,Choke
80,PEER-3,PEER-2,Choke
80,PEER-3,PEER-4,Choke
80,PEER-3,PEER-5,Choke
80,PEER-4,SEED-1,Choke
80,PEER-4,PEER-1,Choke
80,PEER-4,PEER-2,Choke
80,PEER-4,PEER-3,Choke
80,PEER-4,PEER-5,Choke
80,PEER-5,SEED-1,Choke
80,PEER-5,PEER-1,Choke
80,PEER-5,PEER-2,Choke
80,PEER-5,PEER-3,Choke
80,PEER-5,PEER-4,Choke
80,SEED-1,PEER-1,Unchoke
80,SEED-1,PEER-2,Unchoke
80,SEED-1,PEER-3,Unchoke
80,SEED-1,PEER-4,Choke
80,SEED-1,PEER-5,Choke
80,PEER-1,SEED-1,Choke
80,PEER-1,PEER-2,Choke
80,PEER-1,PEER-3,Choke
80,PEER-1,PEER-4,Choke
80,PEER-1,PEER-5,Choke
80,PEER-2,SEED-1,Choke
80,PEER-2,PEER-1,Choke
80,PEER-2,PEER-3,Choke
80,PEER-2,PEER-4,Choke
80,PEER-2,PEER-5,Choke
80,PEER-3,SEED-1,Choke
80,PEER-3,PEER-1,Choke
80,PEER-3,PEER-2,Choke
80,PEER-3,PEER-4,Choke
80,PEER-3,PEER-5,Choke
80,PEER-4,SEED-1,Choke
80,PEER-4,PEER-1,Choke
80,PEER-4,PEER-2,Choke
80,PEER-4,PEER-3,Choke
80,PEER-4,PEER-5,Choke
80,PEER-5,SEED-1,Choke
80,PEER-5,PEER-1,Choke
80,PEER-5,PEER-2,Choke
80,PEER-5,PEER-3,Choke
80,PEER-5,PEER-4,Choke
80,SEED-1,PEER-1,Unchoke
80,SEED-1,PEER-2,Unchoke
80,SEED-1,PEER-3,Unchoke
80,SEED-1,PEER-4,Choke
80,SEED-1,PEER-5,Choke
80,PEER-1,SEED-1,Choke
80,PEER-1,PEER-2,Choke
80,PEER-1,PEER-3,Choke
80,PEER-1,PEER-4,Choke
80,PEER-1,PEER-5,Choke
80,PEER-2,SEED-1,Choke
80,PEER-2,PEER-1,Choke
80,PEER-2,PEER-3,Choke
80,PEER-2,PEER-4,Choke
80,PEER-2,PEER-5,Choke
80,PEER-3,SEED-1,Choke
80,PEER-3,PEER-1,Choke
80,PEER-3,PEER-2,Choke
80,PEER-3,PEER-4,Choke
80,PEER-3,PEER-5,Choke
80,PEER-4,SEED-1,Choke
80,PEER-4,PEER-1,Choke
80,PEER-4,PEER-2,Choke
80,PEER-4,PEER-3,Choke
80,PEER-4,PEER-5,Choke
80,PEER-5,SEED-1,Choke
80,PEER-5,PEER-1,Choke
80,PEER-5,PEER-2,Choke
80,PEER-5,PEER-3,Choke
80,PEER-5,PEER-4,Choke
80,SEED-1,PEER-1,Unchoke
80,SEED-1,PEER-2,Unchoke
80,SEED-1,PEER-3,Unchoke
80,SEED-1,PEER-4,Choke
80,SEED-1,PEER-5,Choke
80,PEER-1,SEED-1,Choke
80,PEER-1,PEER-2,Choke
80,PEER-1,PEER-3,Choke
80,PEER-1,PEER-4,Choke
80,PEER-1,PEER-5,Choke
80,PEER-2,SEED-1,Choke
80,PEER-2,PEER-1,Choke
80,PEER-2,PEER-3,Choke
80,PEER-2,PEER-4,Choke
80,PEER-2,PEER-5,Choke
80,PEER-3,SEED-1,Choke
80,PEER-3,PEER-1,Choke
80,PEER-3,PEER-2,Choke
80,PEER-3,PEER-4,Choke
80,PEER-3,PEER-5,Choke
80,PEER-4,SEED-1,Choke
80,PEER-4,PEER-1,Choke
80,PEER-4,PEER-2,Choke
80,PEER-4,PEER-3,Choke
80,PEER-4,PEER-5,Choke
80,PEER-5,SEED-1,Choke
80,PEER-5,PEER-1,Choke
80,PEER-5,PEER-2,Choke
80,PEER-5,PEER-3,Choke
80,PEER-5,PEER-4,Choke
80,SEED-1,PEER-1,Unchoke
80,SEED-1,PEER-2,Unchoke
80,SEED-1,PEER-3,Unchoke
80,SEED-1,PEER-4,Choke
80,SEED-1,PEER-5,Unchoke
80,SEED-1,PEER-5,Unchoke
80,PEER-1,SEED-1,Choke
80,PEER-1,PEER-2,Choke
80,PEER-1,PEER-3,Choke
80,PEER-1,PEER-4,Choke
80,PEER-1,PEER-5,Choke
80,PEER-2,SEED-1,Choke
80,PEER-2,PEER-1,Choke
80,PEER-2,PEER-3,Choke
80,PEER-2,PEER-4,Choke
80,PEER-2,PEER-5,Choke
80,PEER-3,SEED-1,Choke
80,PEER-3,PEER-1,Choke
80,PEER-3,PEER-2,Choke
80,PEER-3,PEER-4,Choke
80,PEER-3,PEER-5,Choke
80,PEER-4,SEED-1,Choke
80,PEER-4,PEER-1,Choke
80,PEER-4,PEER-2,Choke
80,PEER-4,PEER-3,Choke
80,PEER-4,PEER-5,Choke
80,PEER-5,SEED-1,Choke
80,PEER-5,PEER-1,Choke
80,PEER-5,PEER-2,Choke
80,PEER-5,PEER-3,Choke
80,PEER-5,PEER-4,Choke
90,SEED-1,PEER-1,Unchoke
90,SEED-1,PEER-2,Unchoke
90,SEED-1,PEER-3,Unchoke
90,SEED-1,PEER-4,Choke
90,SEED-1,PEER-5,Choke
90,SEED-1,PEER-5,Choke
90,PEER-1,SEED-1,Choke
90,PEER-1,PEER-2,Choke
90,PEER-1,PEER-3,Choke
90,PEER-1,PEER-4,Choke
90,PEER-1,PEER-5,Choke
90,PEER-2,SEED-1,Choke
90,PEER-2,PEER-1,Choke
90,PEER-2,PEER-3,Choke
90,PEER-2,PEER-4,Choke
90,PEER-2,PEER-5,Choke
90,PEER-3,SEED-1,Choke
90,PEER-3,PEER-1,Choke
90,PEER-3,PEER-2,Choke
90,PEER-3,PEER-4,Choke
90,PEER-3,PEER-5,Choke
90,PEER-4,SEED-1,Choke
90,PEER-4,PEER-1,Choke
90,PEER-4,PEER-2,Choke
90,PEER-4,PEER-3,Choke
90,PEER-4,PEER-5,Choke
90,PEER-5,SEED-1,Choke
90,PEER-5,PEER-1,Choke
90,PEER-5,PEER-2,Choke
90,PEER-5,PEER-3,Choke
90,PEER-5,PEER-4,Choke
90,SEED-1,PEER-1,Unchoke
90,SEED-1,PEER-2,Unchoke
90,SEED-1,PEER-3,Unchoke
90,SEED-1,PEER-4,Choke
90,SEED-1,PEER-5,Choke
90,PEER-1,SEED-1,Choke
90,PEER-1,PEER-2,Choke
90,PEER-1,PEER-3,Choke
90,PEER-1,PEER-4,Choke
90,PEER-1,PEER-5,Choke
90,PEER-2,SEED-1,Choke
90,PEER-2,PEER-1,Choke
90,PEER-2,PEER-3,Choke
90,PEER-2,PEER-4,Choke
90,PEER-2,PEER-5,Choke
90,PEER-3,SEED-1,Choke
90,PEER-3,PEER-1,Choke
90,PEER-3,PEER-2,Choke
90,PEER-3,PEER-4,Choke
90,PEER-3,PEER-5,Choke
90,PEER-4,SEED-1,Choke
90,PEER-4,PEER-1,Choke
90,PEER-4,PEER-2,Choke
90,PEER-4,PEER-3,Choke
90,PEER-4,PEER-5,Choke
90,PEER-5,SEED-1,Choke
90,PEER-5,PEER-1,Choke
90,PEER-5,PEER-2,Choke
90,PEER-5,PEER-3,Choke
90,PEER-5,PEER-4,Choke
90,SEED-1,PEER-1,Unchoke
90,SEED-1,PEER-2,Unchoke
90,SEED-1,PEER-3,Unchoke
90,SEED-1,PEER-4,Choke
90,SEED-1,PEER-5,Choke
90,PEER-1,SEED-1,Choke
90,PEER-1,PEER-2,Choke
90,PEER-1,PEER-3,Choke
90,PEER-1,PEER-4,Choke
90,PEER-1,PEER-5,Choke
90,PEER-2,SEED-1,Choke
90,PEER-2,PEER-1,Choke
90,PEER-2,PEER-3,Choke
90,PEER-2,PEER-4,Choke
90,PEER-2,PEER-5,Choke
90,PEER-3,SEED-1,Choke
90,PEER-3,PEER-1,Choke
90,PEER-3,PEER-2,Choke
90,PEER-3,PEER-4,Choke
90,PEER-3,PEER-5,Choke
90,PEER-4,SEED-1,Choke
90,PEER-4,PEER-1,Choke
90,PEER-4,PEER-2,Choke
90,PEER-4,PEER-3,Choke
90,PEER-4,PEER-5,Choke
90,PEER-5,SEED-1,Choke
90,PEER-5,PEER-1,Choke
90,PEER-5,PEER-2,Choke
90,PEER-5,PEER-3,Choke
90,PEER-5,PEER-4,Choke
90,SEED-1,PEER-1,Unchoke
90,SEED-1,PEER-2,Unchoke
90,SEED-1,PEER-3,Unchoke
90,SEED-1,PEER-4,Choke
90,SEED-1,PEER-5,Choke
90,PEER-1,SEED-1,Choke
90,PEER-1,PEER-2,Choke
90,PEER-1,PEER-3,Choke
90,PEER-1,PEER-4,Choke
90,PEER-1,PEER-5,Choke
90,PEER-2,SEED-1,Choke
90,PEER-2,PEER-1,Choke
90,PEER-2,PEER-3,Choke
90,PEER-2,PEER-4,Choke
90,PEER-2,PEER-5,Choke
90,PEER-3,SEED-1,Choke
90,PEER-3,PEER-1,Choke
90,PEER-3,PEER-2,Choke
90,PEER-3,PEER-4,Choke
90,PEER-3,PEER-5,Choke
90,PEER-4,SEED-1,Choke
90,PEER-4,PEER-1,Choke
90,PEER-4,PEER-2,Choke
90,PEER-4,PEER-3,Choke
90,PEER-4,PEER-5,Choke
90,PEER-5,SEED-1,Choke
90,PEER-5,PEER-1,Choke
90,PEER-5,PEER-2,Choke
90,PEER-5,PEER-3,Choke
90,PEER-5,PEER-4,Choke
90,SEED-1,PEER-1,Unchoke
90,SEED-1,PEER-2,Unchoke
90,SEED-1,PEER-3,Unchoke
90,SEED-1,PEER-4,Choke
90,SEED-1,PEER-5,Choke
90,PEER-1,SEED-1,Choke
90,PEER-1,PEER-2,Choke
90,PEER-1,PEER-3,Choke
90,PEER-1,PEER-4,Choke
90,PEER-1,PEER-5,Choke
90,PEER-2,SEED-1,Choke
90,PEER-2,PEER-1,Choke
90,PEER-2,PEER-3,Choke
90,PEER-2,PEER-4,Choke
90,PEER-2,PEER-5,Choke
90,PEER-3,SEED-1,Choke
90,PEER-3,PEER-1,Choke
90,PEER-3,PEER-2,Choke
90,PEER-3,PEER-4,Choke
90,PEER-3,PEER-5,Choke
90,PEER-4,SEED-1,Choke
90,PEER-4,PEER-1,Choke
90,PEER-4,PEER-2,Choke
90,PEER-4,PEER-3,Choke
90,PEER-4,PEER-5,Choke
90,PEER-5,SEED-1,Choke
90,PEER-5,PEER-1,Choke
90,PEER-5,PEER-2,Choke
90,PEER-5,PEER-3,Choke
90,PEER-5,PEER-4,Choke
90,SEED-1,PEER-1,Unchoke
90,SEED-1,PEER-2,Unchoke
90,SEED-1,PEER-3,Unchoke
90,SEED-1,PEER-4,Choke
90,SEED-1,PEER-5,Choke
90,PEER-1,SEED-1,Choke
90,PEER-1,PEER-2,Choke
90,PEER-1,PEER-3,Choke
90,PEER-1,PEER-4,Choke
90,PEER-1,PEER-5,Choke
90,PEER-2,SEED-1,Choke
90,PEER-2,PEER-1,Choke
90,PEER-2,PEER-3,Choke
90,PEER-2,PEER-4,Choke
90,PEER-2,PEER-5,Choke
90,PEER-3,SEED-1,Choke
90,PEER-3,PEER-1,Choke
90,PEER-3,PEER-2,Choke
90,PEER-3,PEER-4,Choke
90,PEER-3,PEER-5,Choke
90,PEER-4,SEED-1,Choke
90,PEER-4,PEER-1,Choke
90,PEER-4,PEER-2,Choke
90,PEER-4,PEER-3,Choke
90,PEER-4,PEER-5,Choke
90,PEER-5,SEED-1,Choke
90,PEER-5,PEER-1,Choke
90,PEER-5,PEER-2,Choke
90,PEER-5,PEER-3,Choke
90,PEER-5,PEER-4,Choke
90,SEED-1,PEER-1,Unchoke
90,SEED-1,PEER-2,Unchoke
90,SEED-1,PEER-3,Unchoke
90,SEED-1,PEER-4,Choke
90,SEED-1,PEER-5,Choke
90,PEER-1,SEED-1,Choke
90,PEER-1,PEER-2,Choke
90,PEER-1,PEER-3,Choke
90,PEER-1,PEER-4,Choke
90,PEER-1,PEER-5,Choke
90,PEER-2,SEED-1,Choke
90,PEER-2,PEER-1,Choke
90,PEER-2,PEER-3,Choke
90,PEER-2,PEER-4,Choke
90,PEER-2,PEER-5,Choke
90,PEER-3,SEED-1,Choke
90,PEER-3,PEER-1,Choke
90,PEER-3,PEER-2,Choke
90,PEER-3,PEER-4,Choke
90,PEER-3,PEER-5,Choke
90,PEER-4,SEED-1,Choke
90,PEER-4,PEER-1,Choke
90,PEER-4,PEER-2,Choke
90,PEER-4,PEER-3,Choke
90,PEER-4,PEER-5,Choke
90,PEER-5,SEED-1,Choke
90,PEER-5,PEER-1,Choke
90,PEER-5,PEER-2,Choke
90,PEER-5,PEER-3,Choke
90,PEER-5,PEER-4,Choke
90,SEED-1,PEER-1,Unchoke
90,SEED-1,PEER-2,Unchoke
90,SEED-1,PEER-3,Unchoke
90,SEED-1,PEER-4,Choke
90,SEED-1,PEER-5,Choke
90,PEER-1,SEED-1,Choke
90,PEER-1,PEER-2,Choke
90,PEER-1,PEER-3,Choke
90,PEER-1,PEER-4,Choke
90,PEER-1,PEER-5,Choke
90,PEER-2,SEED-1,Choke
90,PEER-2,PEER-1,Choke
90,PEER-2,PEER-3,Choke
90,PEER-2,PEER-4,Choke
90,PEER-2,PEER-5,Choke
90,PEER-3,SEED-1,Choke
90,PEER-3,PEER-1,Choke
90,PEER-3,PEER-2,Choke
90,PEER-3,PEER-4,Choke
90,PEER-3,PEER-5,Choke
90,PEER-4,SEED-1,Choke
90,PEER-4,PEER-1,Choke
90,PEER-4,PEER-2,Choke
90,PEER-4,PEER-3,Choke
90,PEER-4,PEER-5,Choke
90,PEER-5,SEED-1,Choke
90,PEER-5,PEER-1,Choke
90,PEER-5,PEER-2,Choke
90,PEER-5,PEER-3,Choke
90,PEER-5,PEER-4,Choke
90,SEED-1,PEER-1,Unchoke
90,SEED-1,PEER-2,Unchoke
90,SEED-1,PEER-3,Unchoke
90,SEED-1,PEER-4,Choke
90,SEED-1,PEER-5,Choke
90,PEER-1,SEED-1,Choke
90,PEER-1,PEER-2,Choke
90,PEER-1,PEER-3,Choke
90,PEER-1,PEER-4,Choke
90,PEER-1,PEER-5,Choke
90,PEER-2,SEED-1,Choke
90,PEER-2,PEER-1,Choke
90,PEER-2,PEER-3,Choke
90,PEER-2,PEER-4,Choke
90,PEER-2,PEER-5,Choke
90,PEER-3,SEED-1,Choke
90,PEER-3,PEER-1,Choke
90,PEER-3,PEER-2,Choke
90,PEER-3,PEER-4,Choke
90,PEER-3,PEER-5,Choke
90,PEER-4,SEED-1,Choke
90,PEER-4,PEER-1,Choke
90,PEER-4,PEER-2,Choke
90,PEER-4,PEER-3,Choke
90,PEER-4,PEER-5,Choke
90,PEER-5,SEED-1,Choke
90,PEER-5,PEER-1,Choke
90,PEER-5,PEER-2,Choke
90,PEER-5,PEER-3,Choke
90,PEER-5,PEER-4,Choke
90,SEED-1,PEER-1,Unchoke
90,SEED-1,PEER-2,Unchoke
90,SEED-1,PEER-3,Unchoke
90,SEED-1,PEER-4,Choke
90,SEED-1,PEER-5,Choke
90,PEER-1,SEED-1,Choke
90,PEER-1,PEER-2,Choke
90,PEER-1,PEER-3,Choke
90,PEER-1,PEER-4,Choke
90,PEER-1,PEER-5,Choke
90,PEER-2,SEED-1,Choke
90,PEER-2,PEER-1,Choke
90,PEER-2,PEER-3,Choke
90,PEER-2,PEER-4,Choke
90,PEER-2,PEER-5,Choke
90,PEER-3,SEED-1,Choke
90,PEER-3,PEER-1,Choke
90,PEER-3,PEER-2,Choke
90,PEER-3,PEER-4,Choke
90,PEER-3,PEER-5,Choke
90,PEER-4,SEED-1,Choke
90,PEER-4,PEER-1,Choke
90,PEER-4,PEER-2,Choke
90,PEER-4,PEER-3,Choke
90,PEER-4,PEER-5,Choke
90,PEER-5,SEED-1,Choke
90,PEER-5,PEER-1,Choke
90,PEER-5,PEER-2,Choke
90,PEER-5,PEER-3,Choke
90,PEER-5,PEER-4,Choke
